fipdate,date_aw,fips_aw,exposed_aw
60252018-04-06,2018-04-06,6025,1
60252018-04-07,2018-04-07,6025,1
60252018-04-08,2018-04-08,6025,1
60252018-04-09,2018-04-09,6025,1
60252018-04-10,2018-04-10,6025,1
60252018-04-11,2018-04-11,6025,1
60252018-04-12,2018-04-12,6025,1
60252018-04-25,2018-04-25,6025,1
60252018-04-26,2018-04-26,6025,1
60252018-04-27,2018-04-27,6025,1
60252018-04-28,2018-04-28,6025,1
60252018-05-06,2018-05-06,6025,1
60652018-05-06,2018-05-06,6065,1
60712018-05-06,2018-05-06,6071,1
60252018-05-07,2018-05-07,6025,1
60652018-05-07,2018-05-07,6065,1
60712018-05-07,2018-05-07,6071,1
60252018-05-08,2018-05-08,6025,1
60652018-05-08,2018-05-08,6065,1
60712018-05-08,2018-05-08,6071,1
60252018-05-09,2018-05-09,6025,1
60652018-05-09,2018-05-09,6065,1
60712018-05-09,2018-05-09,6071,1
60252018-05-10,2018-05-10,6025,1
60272018-05-10,2018-05-10,6027,1
60652018-05-10,2018-05-10,6065,1
60712018-05-10,2018-05-10,6071,1
60252018-05-11,2018-05-11,6025,1
60652018-05-11,2018-05-11,6065,1
60712018-05-11,2018-05-11,6071,1
60072018-05-29,2018-05-29,6007,1
60112018-05-29,2018-05-29,6011,1
60212018-05-29,2018-05-29,6021,1
60472018-05-29,2018-05-29,6047,1
60672018-05-29,2018-05-29,6067,1
60992018-05-29,2018-05-29,6099,1
61012018-05-29,2018-05-29,6101,1
61032018-05-29,2018-05-29,6103,1
61132018-05-29,2018-05-29,6113,1
61152018-05-29,2018-05-29,6115,1
60072018-05-30,2018-05-30,6007,1
60112018-05-30,2018-05-30,6011,1
60212018-05-30,2018-05-30,6021,1
60292018-05-30,2018-05-30,6029,1
60312018-05-30,2018-05-30,6031,1
60472018-05-30,2018-05-30,6047,1
60672018-05-30,2018-05-30,6067,1
60772018-05-30,2018-05-30,6077,1
60992018-05-30,2018-05-30,6099,1
61012018-05-30,2018-05-30,6101,1
61032018-05-30,2018-05-30,6103,1
61132018-05-30,2018-05-30,6113,1
61152018-05-30,2018-05-30,6115,1
60072018-06-03,2018-06-03,6007,1
60112018-06-03,2018-06-03,6011,1
60212018-06-03,2018-06-03,6021,1
60472018-06-03,2018-06-03,6047,1
60852018-06-03,2018-06-03,6085,1
61012018-06-03,2018-06-03,6101,1
61032018-06-03,2018-06-03,6103,1
61132018-06-03,2018-06-03,6113,1
60072018-06-04,2018-06-04,6007,1
60092018-06-04,2018-06-04,6009,1
60112018-06-04,2018-06-04,6011,1
60212018-06-04,2018-06-04,6021,1
60292018-06-04,2018-06-04,6029,1
60312018-06-04,2018-06-04,6031,1
60472018-06-04,2018-06-04,6047,1
60552018-06-04,2018-06-04,6055,1
60652018-06-04,2018-06-04,6065,1
60672018-06-04,2018-06-04,6067,1
60692018-06-04,2018-06-04,6069,1
60712018-06-04,2018-06-04,6071,1
60772018-06-04,2018-06-04,6077,1
60852018-06-04,2018-06-04,6085,1
60952018-06-04,2018-06-04,6095,1
60992018-06-04,2018-06-04,6099,1
61012018-06-04,2018-06-04,6101,1
61032018-06-04,2018-06-04,6103,1
61132018-06-04,2018-06-04,6113,1
61152018-06-04,2018-06-04,6115,1
60292018-06-05,2018-06-05,6029,1
60312018-06-05,2018-06-05,6031,1
60712018-06-05,2018-06-05,6071,1
60072018-06-13,2018-06-13,6007,1
60112018-06-13,2018-06-13,6011,1
60212018-06-13,2018-06-13,6021,1
60252018-06-13,2018-06-13,6025,1
60272018-06-13,2018-06-13,6027,1
60292018-06-13,2018-06-13,6029,1
60372018-06-13,2018-06-13,6037,1
60552018-06-13,2018-06-13,6055,1
60652018-06-13,2018-06-13,6065,1
60692018-06-13,2018-06-13,6069,1
60712018-06-13,2018-06-13,6071,1
60772018-06-13,2018-06-13,6077,1
60952018-06-13,2018-06-13,6095,1
61012018-06-13,2018-06-13,6101,1
61032018-06-13,2018-06-13,6103,1
61132018-06-13,2018-06-13,6113,1
61152018-06-13,2018-06-13,6115,1
60072018-06-14,2018-06-14,6007,1
60092018-06-14,2018-06-14,6009,1
60112018-06-14,2018-06-14,6011,1
60212018-06-14,2018-06-14,6021,1
60252018-06-14,2018-06-14,6025,1
60272018-06-14,2018-06-14,6027,1
60292018-06-14,2018-06-14,6029,1
60312018-06-14,2018-06-14,6031,1
60392018-06-14,2018-06-14,6039,1
60472018-06-14,2018-06-14,6047,1
60652018-06-14,2018-06-14,6065,1
60672018-06-14,2018-06-14,6067,1
60692018-06-14,2018-06-14,6069,1
60712018-06-14,2018-06-14,6071,1
60772018-06-14,2018-06-14,6077,1
60992018-06-14,2018-06-14,6099,1
61012018-06-14,2018-06-14,6101,1
61032018-06-14,2018-06-14,6103,1
61132018-06-14,2018-06-14,6113,1
61152018-06-14,2018-06-14,6115,1
60252018-06-15,2018-06-15,6025,1
60272018-06-15,2018-06-15,6027,1
60292018-06-15,2018-06-15,6029,1
60312018-06-15,2018-06-15,6031,1
60652018-06-15,2018-06-15,6065,1
60712018-06-15,2018-06-15,6071,1
60732018-06-15,2018-06-15,6073,1
60272018-06-21,2018-06-21,6027,1
60712018-06-21,2018-06-21,6071,1
60272018-06-22,2018-06-22,6027,1
60712018-06-22,2018-06-22,6071,1
60072018-06-23,2018-06-23,6007,1
60092018-06-23,2018-06-23,6009,1
60112018-06-23,2018-06-23,6011,1
60132018-06-23,2018-06-23,6013,1
60212018-06-23,2018-06-23,6021,1
60272018-06-23,2018-06-23,6027,1
60292018-06-23,2018-06-23,6029,1
60332018-06-23,2018-06-23,6033,1
60372018-06-23,2018-06-23,6037,1
60552018-06-23,2018-06-23,6055,1
60652018-06-23,2018-06-23,6065,1
60692018-06-23,2018-06-23,6069,1
60712018-06-23,2018-06-23,6071,1
60732018-06-23,2018-06-23,6073,1
60852018-06-23,2018-06-23,6085,1
60892018-06-23,2018-06-23,6089,1
60952018-06-23,2018-06-23,6095,1
60992018-06-23,2018-06-23,6099,1
61012018-06-23,2018-06-23,6101,1
61032018-06-23,2018-06-23,6103,1
61132018-06-23,2018-06-23,6113,1
61152018-06-23,2018-06-23,6115,1
60012018-06-24,2018-06-24,6001,1
60052018-06-24,2018-06-24,6005,1
60072018-06-24,2018-06-24,6007,1
60092018-06-24,2018-06-24,6009,1
60112018-06-24,2018-06-24,6011,1
60132018-06-24,2018-06-24,6013,1
60212018-06-24,2018-06-24,6021,1
60272018-06-24,2018-06-24,6027,1
60292018-06-24,2018-06-24,6029,1
60312018-06-24,2018-06-24,6031,1
60332018-06-24,2018-06-24,6033,1
60392018-06-24,2018-06-24,6039,1
60472018-06-24,2018-06-24,6047,1
60552018-06-24,2018-06-24,6055,1
60672018-06-24,2018-06-24,6067,1
60692018-06-24,2018-06-24,6069,1
60772018-06-24,2018-06-24,6077,1
60852018-06-24,2018-06-24,6085,1
60892018-06-24,2018-06-24,6089,1
60952018-06-24,2018-06-24,6095,1
60972018-06-24,2018-06-24,6097,1
60992018-06-24,2018-06-24,6099,1
61012018-06-24,2018-06-24,6101,1
61032018-06-24,2018-06-24,6103,1
61132018-06-24,2018-06-24,6113,1
61152018-06-24,2018-06-24,6115,1
60072018-06-25,2018-06-25,6007,1
60212018-06-25,2018-06-25,6021,1
60272018-06-25,2018-06-25,6027,1
60392018-06-25,2018-06-25,6039,1
60892018-06-25,2018-06-25,6089,1
61032018-06-25,2018-06-25,6103,1
60272018-06-26,2018-06-26,6027,1
60272018-06-27,2018-06-27,6027,1
60052018-07-01,2018-07-01,6005,1
60072018-07-01,2018-07-01,6007,1
60092018-07-01,2018-07-01,6009,1
60112018-07-01,2018-07-01,6011,1
60132018-07-01,2018-07-01,6013,1
60212018-07-01,2018-07-01,6021,1
60332018-07-01,2018-07-01,6033,1
60552018-07-01,2018-07-01,6055,1
60672018-07-01,2018-07-01,6067,1
60772018-07-01,2018-07-01,6077,1
60852018-07-01,2018-07-01,6085,1
60892018-07-01,2018-07-01,6089,1
60952018-07-01,2018-07-01,6095,1
60992018-07-01,2018-07-01,6099,1
61012018-07-01,2018-07-01,6101,1
61032018-07-01,2018-07-01,6103,1
61132018-07-01,2018-07-01,6113,1
61152018-07-01,2018-07-01,6115,1
60072018-07-02,2018-07-02,6007,1
60112018-07-02,2018-07-02,6011,1
60192018-07-02,2018-07-02,6019,1
60212018-07-02,2018-07-02,6021,1
60332018-07-02,2018-07-02,6033,1
60892018-07-02,2018-07-02,6089,1
61032018-07-02,2018-07-02,6103,1
61072018-07-02,2018-07-02,6107,1
61152018-07-02,2018-07-02,6115,1
61032018-07-03,2018-07-03,6103,1
60592018-07-06,2018-07-06,6059,1
60092018-07-07,2018-07-07,6009,1
60132018-07-07,2018-07-07,6013,1
60192018-07-07,2018-07-07,6019,1
60252018-07-07,2018-07-07,6025,1
60272018-07-07,2018-07-07,6027,1
60372018-07-07,2018-07-07,6037,1
60392018-07-07,2018-07-07,6039,1
60432018-07-07,2018-07-07,6043,1
60472018-07-07,2018-07-07,6047,1
60532018-07-07,2018-07-07,6053,1
60592018-07-07,2018-07-07,6059,1
60652018-07-07,2018-07-07,6065,1
60692018-07-07,2018-07-07,6069,1
60712018-07-07,2018-07-07,6071,1
60732018-07-07,2018-07-07,6073,1
60792018-07-07,2018-07-07,6079,1
60832018-07-07,2018-07-07,6083,1
60852018-07-07,2018-07-07,6085,1
61072018-07-07,2018-07-07,6107,1
61112018-07-07,2018-07-07,6111,1
60052018-07-08,2018-07-08,6005,1
60092018-07-08,2018-07-08,6009,1
60192018-07-08,2018-07-08,6019,1
60252018-07-08,2018-07-08,6025,1
60272018-07-08,2018-07-08,6027,1
60292018-07-08,2018-07-08,6029,1
60312018-07-08,2018-07-08,6031,1
60372018-07-08,2018-07-08,6037,1
60392018-07-08,2018-07-08,6039,1
60432018-07-08,2018-07-08,6043,1
60472018-07-08,2018-07-08,6047,1
60532018-07-08,2018-07-08,6053,1
60592018-07-08,2018-07-08,6059,1
60652018-07-08,2018-07-08,6065,1
60692018-07-08,2018-07-08,6069,1
60712018-07-08,2018-07-08,6071,1
60732018-07-08,2018-07-08,6073,1
60792018-07-08,2018-07-08,6079,1
60832018-07-08,2018-07-08,6083,1
60852018-07-08,2018-07-08,6085,1
60992018-07-08,2018-07-08,6099,1
61072018-07-08,2018-07-08,6107,1
61112018-07-08,2018-07-08,6111,1
60192018-07-09,2018-07-09,6019,1
60252018-07-09,2018-07-09,6025,1
60272018-07-09,2018-07-09,6027,1
60292018-07-09,2018-07-09,6029,1
60372018-07-09,2018-07-09,6037,1
60392018-07-09,2018-07-09,6039,1
60432018-07-09,2018-07-09,6043,1
60532018-07-09,2018-07-09,6053,1
60592018-07-09,2018-07-09,6059,1
60652018-07-09,2018-07-09,6065,1
60692018-07-09,2018-07-09,6069,1
60712018-07-09,2018-07-09,6071,1
60732018-07-09,2018-07-09,6073,1
60792018-07-09,2018-07-09,6079,1
60832018-07-09,2018-07-09,6083,1
61072018-07-09,2018-07-09,6107,1
61112018-07-09,2018-07-09,6111,1
60272018-07-10,2018-07-10,6027,1
60372018-07-10,2018-07-10,6037,1
60532018-07-10,2018-07-10,6053,1
60592018-07-10,2018-07-10,6059,1
60692018-07-10,2018-07-10,6069,1
60732018-07-10,2018-07-10,6073,1
60792018-07-10,2018-07-10,6079,1
60832018-07-10,2018-07-10,6083,1
60852018-07-10,2018-07-10,6085,1
61112018-07-10,2018-07-10,6111,1
60372018-07-11,2018-07-11,6037,1
60532018-07-11,2018-07-11,6053,1
60592018-07-11,2018-07-11,6059,1
60792018-07-11,2018-07-11,6079,1
61112018-07-11,2018-07-11,6111,1
60192018-07-12,2018-07-12,6019,1
60392018-07-12,2018-07-12,6039,1
60592018-07-12,2018-07-12,6059,1
60072018-07-13,2018-07-13,6007,1
60092018-07-13,2018-07-13,6009,1
60172018-07-13,2018-07-13,6017,1
60192018-07-13,2018-07-13,6019,1
60212018-07-13,2018-07-13,6021,1
60312018-07-13,2018-07-13,6031,1
60392018-07-13,2018-07-13,6039,1
60432018-07-13,2018-07-13,6043,1
60472018-07-13,2018-07-13,6047,1
60572018-07-13,2018-07-13,6057,1
60592018-07-13,2018-07-13,6059,1
60612018-07-13,2018-07-13,6061,1
60892018-07-13,2018-07-13,6089,1
60932018-07-13,2018-07-13,6093,1
61032018-07-13,2018-07-13,6103,1
61052018-07-13,2018-07-13,6105,1
61152018-07-13,2018-07-13,6115,1
60092018-07-14,2018-07-14,6009,1
60192018-07-14,2018-07-14,6019,1
60292018-07-14,2018-07-14,6029,1
60312018-07-14,2018-07-14,6031,1
60372018-07-14,2018-07-14,6037,1
60392018-07-14,2018-07-14,6039,1
60432018-07-14,2018-07-14,6043,1
60472018-07-14,2018-07-14,6047,1
60792018-07-14,2018-07-14,6079,1
60932018-07-14,2018-07-14,6093,1
60992018-07-14,2018-07-14,6099,1
61052018-07-14,2018-07-14,6105,1
60052018-07-15,2018-07-15,6005,1
60072018-07-15,2018-07-15,6007,1
60092018-07-15,2018-07-15,6009,1
60112018-07-15,2018-07-15,6011,1
60172018-07-15,2018-07-15,6017,1
60192018-07-15,2018-07-15,6019,1
60212018-07-15,2018-07-15,6021,1
60252018-07-15,2018-07-15,6025,1
60292018-07-15,2018-07-15,6029,1
60312018-07-15,2018-07-15,6031,1
60332018-07-15,2018-07-15,6033,1
60352018-07-15,2018-07-15,6035,1
60372018-07-15,2018-07-15,6037,1
60392018-07-15,2018-07-15,6039,1
60432018-07-15,2018-07-15,6043,1
60452018-07-15,2018-07-15,6045,1
60472018-07-15,2018-07-15,6047,1
60492018-07-15,2018-07-15,6049,1
60572018-07-15,2018-07-15,6057,1
60592018-07-15,2018-07-15,6059,1
60612018-07-15,2018-07-15,6061,1
60652018-07-15,2018-07-15,6065,1
60712018-07-15,2018-07-15,6071,1
60732018-07-15,2018-07-15,6073,1
60792018-07-15,2018-07-15,6079,1
60892018-07-15,2018-07-15,6089,1
60932018-07-15,2018-07-15,6093,1
61032018-07-15,2018-07-15,6103,1
61052018-07-15,2018-07-15,6105,1
61072018-07-15,2018-07-15,6107,1
61152018-07-15,2018-07-15,6115,1
60192018-07-16,2018-07-16,6019,1
60292018-07-16,2018-07-16,6029,1
60312018-07-16,2018-07-16,6031,1
60332018-07-16,2018-07-16,6033,1
60372018-07-16,2018-07-16,6037,1
60392018-07-16,2018-07-16,6039,1
60432018-07-16,2018-07-16,6043,1
60572018-07-16,2018-07-16,6057,1
60612018-07-16,2018-07-16,6061,1
60892018-07-16,2018-07-16,6089,1
61032018-07-16,2018-07-16,6103,1
61052018-07-16,2018-07-16,6105,1
61072018-07-16,2018-07-16,6107,1
60072018-07-17,2018-07-17,6007,1
60172018-07-17,2018-07-17,6017,1
60192018-07-17,2018-07-17,6019,1
60252018-07-17,2018-07-17,6025,1
60272018-07-17,2018-07-17,6027,1
60292018-07-17,2018-07-17,6029,1
60332018-07-17,2018-07-17,6033,1
60392018-07-17,2018-07-17,6039,1
60432018-07-17,2018-07-17,6043,1
60572018-07-17,2018-07-17,6057,1
60652018-07-17,2018-07-17,6065,1
60712018-07-17,2018-07-17,6071,1
60892018-07-17,2018-07-17,6089,1
60932018-07-17,2018-07-17,6093,1
61032018-07-17,2018-07-17,6103,1
61052018-07-17,2018-07-17,6105,1
61072018-07-17,2018-07-17,6107,1
60072018-07-18,2018-07-18,6007,1
60112018-07-18,2018-07-18,6011,1
60172018-07-18,2018-07-18,6017,1
60192018-07-18,2018-07-18,6019,1
60212018-07-18,2018-07-18,6021,1
60272018-07-18,2018-07-18,6027,1
60292018-07-18,2018-07-18,6029,1
60312018-07-18,2018-07-18,6031,1
60332018-07-18,2018-07-18,6033,1
60392018-07-18,2018-07-18,6039,1
60432018-07-18,2018-07-18,6043,1
60452018-07-18,2018-07-18,6045,1
60572018-07-18,2018-07-18,6057,1
60612018-07-18,2018-07-18,6061,1
60712018-07-18,2018-07-18,6071,1
60792018-07-18,2018-07-18,6079,1
60892018-07-18,2018-07-18,6089,1
60932018-07-18,2018-07-18,6093,1
61032018-07-18,2018-07-18,6103,1
61052018-07-18,2018-07-18,6105,1
61072018-07-18,2018-07-18,6107,1
61152018-07-18,2018-07-18,6115,1
60052018-07-19,2018-07-19,6005,1
60072018-07-19,2018-07-19,6007,1
60092018-07-19,2018-07-19,6009,1
60112018-07-19,2018-07-19,6011,1
60172018-07-19,2018-07-19,6017,1
60192018-07-19,2018-07-19,6019,1
60212018-07-19,2018-07-19,6021,1
60272018-07-19,2018-07-19,6027,1
60292018-07-19,2018-07-19,6029,1
60312018-07-19,2018-07-19,6031,1
60332018-07-19,2018-07-19,6033,1
60392018-07-19,2018-07-19,6039,1
60432018-07-19,2018-07-19,6043,1
60452018-07-19,2018-07-19,6045,1
60472018-07-19,2018-07-19,6047,1
60532018-07-19,2018-07-19,6053,1
60552018-07-19,2018-07-19,6055,1
60572018-07-19,2018-07-19,6057,1
60612018-07-19,2018-07-19,6061,1
60672018-07-19,2018-07-19,6067,1
60692018-07-19,2018-07-19,6069,1
60792018-07-19,2018-07-19,6079,1
60852018-07-19,2018-07-19,6085,1
60892018-07-19,2018-07-19,6089,1
60932018-07-19,2018-07-19,6093,1
60992018-07-19,2018-07-19,6099,1
61012018-07-19,2018-07-19,6101,1
61032018-07-19,2018-07-19,6103,1
61052018-07-19,2018-07-19,6105,1
61072018-07-19,2018-07-19,6107,1
61092018-07-19,2018-07-19,6109,1
61132018-07-19,2018-07-19,6113,1
61152018-07-19,2018-07-19,6115,1
60052018-07-20,2018-07-20,6005,1
60072018-07-20,2018-07-20,6007,1
60092018-07-20,2018-07-20,6009,1
60112018-07-20,2018-07-20,6011,1
60172018-07-20,2018-07-20,6017,1
60192018-07-20,2018-07-20,6019,1
60212018-07-20,2018-07-20,6021,1
60272018-07-20,2018-07-20,6027,1
60292018-07-20,2018-07-20,6029,1
60312018-07-20,2018-07-20,6031,1
60332018-07-20,2018-07-20,6033,1
60392018-07-20,2018-07-20,6039,1
60432018-07-20,2018-07-20,6043,1
60452018-07-20,2018-07-20,6045,1
60472018-07-20,2018-07-20,6047,1
60532018-07-20,2018-07-20,6053,1
60572018-07-20,2018-07-20,6057,1
60612018-07-20,2018-07-20,6061,1
60692018-07-20,2018-07-20,6069,1
60792018-07-20,2018-07-20,6079,1
60852018-07-20,2018-07-20,6085,1
60892018-07-20,2018-07-20,6089,1
60992018-07-20,2018-07-20,6099,1
61012018-07-20,2018-07-20,6101,1
61032018-07-20,2018-07-20,6103,1
61052018-07-20,2018-07-20,6105,1
61072018-07-20,2018-07-20,6107,1
61112018-07-20,2018-07-20,6111,1
61152018-07-20,2018-07-20,6115,1
60192018-07-21,2018-07-21,6019,1
60312018-07-21,2018-07-21,6031,1
60392018-07-21,2018-07-21,6039,1
60432018-07-21,2018-07-21,6043,1
60472018-07-21,2018-07-21,6047,1
61072018-07-21,2018-07-21,6107,1
60072018-07-23,2018-07-23,6007,1
60112018-07-23,2018-07-23,6011,1
60192018-07-23,2018-07-23,6019,1
60212018-07-23,2018-07-23,6021,1
60252018-07-23,2018-07-23,6025,1
60312018-07-23,2018-07-23,6031,1
60332018-07-23,2018-07-23,6033,1
60372018-07-23,2018-07-23,6037,1
60472018-07-23,2018-07-23,6047,1
60552018-07-23,2018-07-23,6055,1
60592018-07-23,2018-07-23,6059,1
60612018-07-23,2018-07-23,6061,1
60732018-07-23,2018-07-23,6073,1
60792018-07-23,2018-07-23,6079,1
61012018-07-23,2018-07-23,6101,1
61032018-07-23,2018-07-23,6103,1
61132018-07-23,2018-07-23,6113,1
61152018-07-23,2018-07-23,6115,1
60052018-07-24,2018-07-24,6005,1
60072018-07-24,2018-07-24,6007,1
60092018-07-24,2018-07-24,6009,1
60112018-07-24,2018-07-24,6011,1
60172018-07-24,2018-07-24,6017,1
60192018-07-24,2018-07-24,6019,1
60212018-07-24,2018-07-24,6021,1
60252018-07-24,2018-07-24,6025,1
60272018-07-24,2018-07-24,6027,1
60292018-07-24,2018-07-24,6029,1
60312018-07-24,2018-07-24,6031,1
60332018-07-24,2018-07-24,6033,1
60372018-07-24,2018-07-24,6037,1
60392018-07-24,2018-07-24,6039,1
60432018-07-24,2018-07-24,6043,1
60472018-07-24,2018-07-24,6047,1
60532018-07-24,2018-07-24,6053,1
60552018-07-24,2018-07-24,6055,1
60572018-07-24,2018-07-24,6057,1
60592018-07-24,2018-07-24,6059,1
60612018-07-24,2018-07-24,6061,1
60652018-07-24,2018-07-24,6065,1
60672018-07-24,2018-07-24,6067,1
60692018-07-24,2018-07-24,6069,1
60712018-07-24,2018-07-24,6071,1
60732018-07-24,2018-07-24,6073,1
60772018-07-24,2018-07-24,6077,1
60792018-07-24,2018-07-24,6079,1
60852018-07-24,2018-07-24,6085,1
60892018-07-24,2018-07-24,6089,1
60932018-07-24,2018-07-24,6093,1
60952018-07-24,2018-07-24,6095,1
60992018-07-24,2018-07-24,6099,1
61012018-07-24,2018-07-24,6101,1
61032018-07-24,2018-07-24,6103,1
61052018-07-24,2018-07-24,6105,1
61072018-07-24,2018-07-24,6107,1
61112018-07-24,2018-07-24,6111,1
61132018-07-24,2018-07-24,6113,1
61152018-07-24,2018-07-24,6115,1
60052018-07-25,2018-07-25,6005,1
60072018-07-25,2018-07-25,6007,1
60092018-07-25,2018-07-25,6009,1
60112018-07-25,2018-07-25,6011,1
60132018-07-25,2018-07-25,6013,1
60172018-07-25,2018-07-25,6017,1
60192018-07-25,2018-07-25,6019,1
60212018-07-25,2018-07-25,6021,1
60252018-07-25,2018-07-25,6025,1
60272018-07-25,2018-07-25,6027,1
60292018-07-25,2018-07-25,6029,1
60312018-07-25,2018-07-25,6031,1
60332018-07-25,2018-07-25,6033,1
60352018-07-25,2018-07-25,6035,1
60372018-07-25,2018-07-25,6037,1
60392018-07-25,2018-07-25,6039,1
60432018-07-25,2018-07-25,6043,1
60452018-07-25,2018-07-25,6045,1
60472018-07-25,2018-07-25,6047,1
60492018-07-25,2018-07-25,6049,1
60532018-07-25,2018-07-25,6053,1
60552018-07-25,2018-07-25,6055,1
60572018-07-25,2018-07-25,6057,1
60592018-07-25,2018-07-25,6059,1
60612018-07-25,2018-07-25,6061,1
60652018-07-25,2018-07-25,6065,1
60672018-07-25,2018-07-25,6067,1
60692018-07-25,2018-07-25,6069,1
60712018-07-25,2018-07-25,6071,1
60732018-07-25,2018-07-25,6073,1
60772018-07-25,2018-07-25,6077,1
60792018-07-25,2018-07-25,6079,1
60832018-07-25,2018-07-25,6083,1
60852018-07-25,2018-07-25,6085,1
60892018-07-25,2018-07-25,6089,1
60932018-07-25,2018-07-25,6093,1
60952018-07-25,2018-07-25,6095,1
60992018-07-25,2018-07-25,6099,1
61012018-07-25,2018-07-25,6101,1
61032018-07-25,2018-07-25,6103,1
61052018-07-25,2018-07-25,6105,1
61072018-07-25,2018-07-25,6107,1
61112018-07-25,2018-07-25,6111,1
61132018-07-25,2018-07-25,6113,1
61152018-07-25,2018-07-25,6115,1
60052018-07-26,2018-07-26,6005,1
60072018-07-26,2018-07-26,6007,1
60092018-07-26,2018-07-26,6009,1
60112018-07-26,2018-07-26,6011,1
60132018-07-26,2018-07-26,6013,1
60172018-07-26,2018-07-26,6017,1
60192018-07-26,2018-07-26,6019,1
60212018-07-26,2018-07-26,6021,1
60252018-07-26,2018-07-26,6025,1
60272018-07-26,2018-07-26,6027,1
60292018-07-26,2018-07-26,6029,1
60312018-07-26,2018-07-26,6031,1
60332018-07-26,2018-07-26,6033,1
60372018-07-26,2018-07-26,6037,1
60392018-07-26,2018-07-26,6039,1
60432018-07-26,2018-07-26,6043,1
60452018-07-26,2018-07-26,6045,1
60472018-07-26,2018-07-26,6047,1
60532018-07-26,2018-07-26,6053,1
60552018-07-26,2018-07-26,6055,1
60572018-07-26,2018-07-26,6057,1
60592018-07-26,2018-07-26,6059,1
60612018-07-26,2018-07-26,6061,1
60632018-07-26,2018-07-26,6063,1
60652018-07-26,2018-07-26,6065,1
60672018-07-26,2018-07-26,6067,1
60692018-07-26,2018-07-26,6069,1
60712018-07-26,2018-07-26,6071,1
60732018-07-26,2018-07-26,6073,1
60772018-07-26,2018-07-26,6077,1
60792018-07-26,2018-07-26,6079,1
60832018-07-26,2018-07-26,6083,1
60852018-07-26,2018-07-26,6085,1
60892018-07-26,2018-07-26,6089,1
60932018-07-26,2018-07-26,6093,1
60952018-07-26,2018-07-26,6095,1
60992018-07-26,2018-07-26,6099,1
61012018-07-26,2018-07-26,6101,1
61032018-07-26,2018-07-26,6103,1
61052018-07-26,2018-07-26,6105,1
61072018-07-26,2018-07-26,6107,1
61112018-07-26,2018-07-26,6111,1
61132018-07-26,2018-07-26,6113,1
61152018-07-26,2018-07-26,6115,1
60052018-07-27,2018-07-27,6005,1
60072018-07-27,2018-07-27,6007,1
60092018-07-27,2018-07-27,6009,1
60112018-07-27,2018-07-27,6011,1
60172018-07-27,2018-07-27,6017,1
60192018-07-27,2018-07-27,6019,1
60212018-07-27,2018-07-27,6021,1
60252018-07-27,2018-07-27,6025,1
60272018-07-27,2018-07-27,6027,1
60292018-07-27,2018-07-27,6029,1
60312018-07-27,2018-07-27,6031,1
60332018-07-27,2018-07-27,6033,1
60372018-07-27,2018-07-27,6037,1
60392018-07-27,2018-07-27,6039,1
60432018-07-27,2018-07-27,6043,1
60452018-07-27,2018-07-27,6045,1
60472018-07-27,2018-07-27,6047,1
60532018-07-27,2018-07-27,6053,1
60552018-07-27,2018-07-27,6055,1
60572018-07-27,2018-07-27,6057,1
60612018-07-27,2018-07-27,6061,1
60632018-07-27,2018-07-27,6063,1
60652018-07-27,2018-07-27,6065,1
60672018-07-27,2018-07-27,6067,1
60692018-07-27,2018-07-27,6069,1
60712018-07-27,2018-07-27,6071,1
60732018-07-27,2018-07-27,6073,1
60772018-07-27,2018-07-27,6077,1
60792018-07-27,2018-07-27,6079,1
60852018-07-27,2018-07-27,6085,1
60892018-07-27,2018-07-27,6089,1
60912018-07-27,2018-07-27,6091,1
60932018-07-27,2018-07-27,6093,1
60992018-07-27,2018-07-27,6099,1
61012018-07-27,2018-07-27,6101,1
61032018-07-27,2018-07-27,6103,1
61052018-07-27,2018-07-27,6105,1
61072018-07-27,2018-07-27,6107,1
61112018-07-27,2018-07-27,6111,1
61132018-07-27,2018-07-27,6113,1
61152018-07-27,2018-07-27,6115,1
60052018-07-28,2018-07-28,6005,1
60072018-07-28,2018-07-28,6007,1
60092018-07-28,2018-07-28,6009,1
60112018-07-28,2018-07-28,6011,1
60172018-07-28,2018-07-28,6017,1
60192018-07-28,2018-07-28,6019,1
60212018-07-28,2018-07-28,6021,1
60252018-07-28,2018-07-28,6025,1
60272018-07-28,2018-07-28,6027,1
60292018-07-28,2018-07-28,6029,1
60312018-07-28,2018-07-28,6031,1
60332018-07-28,2018-07-28,6033,1
60372018-07-28,2018-07-28,6037,1
60392018-07-28,2018-07-28,6039,1
60432018-07-28,2018-07-28,6043,1
60472018-07-28,2018-07-28,6047,1
60532018-07-28,2018-07-28,6053,1
60572018-07-28,2018-07-28,6057,1
60592018-07-28,2018-07-28,6059,1
60612018-07-28,2018-07-28,6061,1
60632018-07-28,2018-07-28,6063,1
60652018-07-28,2018-07-28,6065,1
60692018-07-28,2018-07-28,6069,1
60712018-07-28,2018-07-28,6071,1
60732018-07-28,2018-07-28,6073,1
60792018-07-28,2018-07-28,6079,1
60892018-07-28,2018-07-28,6089,1
60932018-07-28,2018-07-28,6093,1
60992018-07-28,2018-07-28,6099,1
61032018-07-28,2018-07-28,6103,1
61052018-07-28,2018-07-28,6105,1
61072018-07-28,2018-07-28,6107,1
61112018-07-28,2018-07-28,6111,1
61152018-07-28,2018-07-28,6115,1
60052018-07-29,2018-07-29,6005,1
60072018-07-29,2018-07-29,6007,1
60092018-07-29,2018-07-29,6009,1
60112018-07-29,2018-07-29,6011,1
60172018-07-29,2018-07-29,6017,1
60192018-07-29,2018-07-29,6019,1
60212018-07-29,2018-07-29,6021,1
60252018-07-29,2018-07-29,6025,1
60272018-07-29,2018-07-29,6027,1
60292018-07-29,2018-07-29,6029,1
60332018-07-29,2018-07-29,6033,1
60372018-07-29,2018-07-29,6037,1
60392018-07-29,2018-07-29,6039,1
60432018-07-29,2018-07-29,6043,1
60572018-07-29,2018-07-29,6057,1
60612018-07-29,2018-07-29,6061,1
60652018-07-29,2018-07-29,6065,1
60712018-07-29,2018-07-29,6071,1
60732018-07-29,2018-07-29,6073,1
60792018-07-29,2018-07-29,6079,1
61032018-07-29,2018-07-29,6103,1
61072018-07-29,2018-07-29,6107,1
61152018-07-29,2018-07-29,6115,1
60072018-07-30,2018-07-30,6007,1
60172018-07-30,2018-07-30,6017,1
60192018-07-30,2018-07-30,6019,1
60212018-07-30,2018-07-30,6021,1
60272018-07-30,2018-07-30,6027,1
60292018-07-30,2018-07-30,6029,1
60312018-07-30,2018-07-30,6031,1
60332018-07-30,2018-07-30,6033,1
60372018-07-30,2018-07-30,6037,1
60392018-07-30,2018-07-30,6039,1
60432018-07-30,2018-07-30,6043,1
60572018-07-30,2018-07-30,6057,1
60592018-07-30,2018-07-30,6059,1
60652018-07-30,2018-07-30,6065,1
60692018-07-30,2018-07-30,6069,1
60712018-07-30,2018-07-30,6071,1
60732018-07-30,2018-07-30,6073,1
60792018-07-30,2018-07-30,6079,1
60892018-07-30,2018-07-30,6089,1
60932018-07-30,2018-07-30,6093,1
61032018-07-30,2018-07-30,6103,1
61052018-07-30,2018-07-30,6105,1
61072018-07-30,2018-07-30,6107,1
61112018-07-30,2018-07-30,6111,1
60072018-07-31,2018-07-31,6007,1
60172018-07-31,2018-07-31,6017,1
60192018-07-31,2018-07-31,6019,1
60212018-07-31,2018-07-31,6021,1
60252018-07-31,2018-07-31,6025,1
60272018-07-31,2018-07-31,6027,1
60292018-07-31,2018-07-31,6029,1
60332018-07-31,2018-07-31,6033,1
60372018-07-31,2018-07-31,6037,1
60392018-07-31,2018-07-31,6039,1
60432018-07-31,2018-07-31,6043,1
60532018-07-31,2018-07-31,6053,1
60552018-07-31,2018-07-31,6055,1
60572018-07-31,2018-07-31,6057,1
60592018-07-31,2018-07-31,6059,1
60612018-07-31,2018-07-31,6061,1
60632018-07-31,2018-07-31,6063,1
60652018-07-31,2018-07-31,6065,1
60692018-07-31,2018-07-31,6069,1
60712018-07-31,2018-07-31,6071,1
60732018-07-31,2018-07-31,6073,1
60792018-07-31,2018-07-31,6079,1
60892018-07-31,2018-07-31,6089,1
60932018-07-31,2018-07-31,6093,1
61032018-07-31,2018-07-31,6103,1
61072018-07-31,2018-07-31,6107,1
61112018-07-31,2018-07-31,6111,1
60052018-08-01,2018-08-01,6005,1
60072018-08-01,2018-08-01,6007,1
60092018-08-01,2018-08-01,6009,1
60112018-08-01,2018-08-01,6011,1
60172018-08-01,2018-08-01,6017,1
60192018-08-01,2018-08-01,6019,1
60212018-08-01,2018-08-01,6021,1
60252018-08-01,2018-08-01,6025,1
60272018-08-01,2018-08-01,6027,1
60292018-08-01,2018-08-01,6029,1
60312018-08-01,2018-08-01,6031,1
60332018-08-01,2018-08-01,6033,1
60372018-08-01,2018-08-01,6037,1
60392018-08-01,2018-08-01,6039,1
60432018-08-01,2018-08-01,6043,1
60472018-08-01,2018-08-01,6047,1
60532018-08-01,2018-08-01,6053,1
60552018-08-01,2018-08-01,6055,1
60572018-08-01,2018-08-01,6057,1
60592018-08-01,2018-08-01,6059,1
60612018-08-01,2018-08-01,6061,1
60632018-08-01,2018-08-01,6063,1
60652018-08-01,2018-08-01,6065,1
60692018-08-01,2018-08-01,6069,1
60712018-08-01,2018-08-01,6071,1
60732018-08-01,2018-08-01,6073,1
60792018-08-01,2018-08-01,6079,1
60832018-08-01,2018-08-01,6083,1
60892018-08-01,2018-08-01,6089,1
61032018-08-01,2018-08-01,6103,1
61072018-08-01,2018-08-01,6107,1
61112018-08-01,2018-08-01,6111,1
61152018-08-01,2018-08-01,6115,1
60172018-08-02,2018-08-02,6017,1
60192018-08-02,2018-08-02,6019,1
60252018-08-02,2018-08-02,6025,1
60272018-08-02,2018-08-02,6027,1
60292018-08-02,2018-08-02,6029,1
60312018-08-02,2018-08-02,6031,1
60372018-08-02,2018-08-02,6037,1
60392018-08-02,2018-08-02,6039,1
60432018-08-02,2018-08-02,6043,1
60472018-08-02,2018-08-02,6047,1
60532018-08-02,2018-08-02,6053,1
60572018-08-02,2018-08-02,6057,1
60592018-08-02,2018-08-02,6059,1
60612018-08-02,2018-08-02,6061,1
60652018-08-02,2018-08-02,6065,1
60692018-08-02,2018-08-02,6069,1
60712018-08-02,2018-08-02,6071,1
60732018-08-02,2018-08-02,6073,1
60792018-08-02,2018-08-02,6079,1
60832018-08-02,2018-08-02,6083,1
61072018-08-02,2018-08-02,6107,1
61112018-08-02,2018-08-02,6111,1
60252018-08-03,2018-08-03,6025,1
60272018-08-03,2018-08-03,6027,1
60292018-08-03,2018-08-03,6029,1
60372018-08-03,2018-08-03,6037,1
60592018-08-03,2018-08-03,6059,1
60652018-08-03,2018-08-03,6065,1
60712018-08-03,2018-08-03,6071,1
60732018-08-03,2018-08-03,6073,1
60792018-08-03,2018-08-03,6079,1
61072018-08-03,2018-08-03,6107,1
61112018-08-03,2018-08-03,6111,1
60252018-08-04,2018-08-04,6025,1
60272018-08-04,2018-08-04,6027,1
60372018-08-04,2018-08-04,6037,1
60592018-08-04,2018-08-04,6059,1
60652018-08-04,2018-08-04,6065,1
60712018-08-04,2018-08-04,6071,1
60732018-08-04,2018-08-04,6073,1
60792018-08-04,2018-08-04,6079,1
61072018-08-04,2018-08-04,6107,1
61112018-08-04,2018-08-04,6111,1
60252018-08-05,2018-08-05,6025,1
60372018-08-05,2018-08-05,6037,1
60592018-08-05,2018-08-05,6059,1
60652018-08-05,2018-08-05,6065,1
60712018-08-05,2018-08-05,6071,1
60732018-08-05,2018-08-05,6073,1
60792018-08-05,2018-08-05,6079,1
60252018-08-06,2018-08-06,6025,1
60592018-08-06,2018-08-06,6059,1
60652018-08-06,2018-08-06,6065,1
60732018-08-06,2018-08-06,6073,1
60252018-08-07,2018-08-07,6025,1
60372018-08-07,2018-08-07,6037,1
60592018-08-07,2018-08-07,6059,1
60652018-08-07,2018-08-07,6065,1
60712018-08-07,2018-08-07,6071,1
60732018-08-07,2018-08-07,6073,1
60832018-08-07,2018-08-07,6083,1
61112018-08-07,2018-08-07,6111,1
60252018-08-08,2018-08-08,6025,1
60272018-08-08,2018-08-08,6027,1
60372018-08-08,2018-08-08,6037,1
60592018-08-08,2018-08-08,6059,1
60652018-08-08,2018-08-08,6065,1
60712018-08-08,2018-08-08,6071,1
60732018-08-08,2018-08-08,6073,1
61112018-08-08,2018-08-08,6111,1
60272018-08-09,2018-08-09,6027,1
60372018-08-09,2018-08-09,6037,1
60592018-08-09,2018-08-09,6059,1
60652018-08-09,2018-08-09,6065,1
60692018-08-09,2018-08-09,6069,1
60712018-08-09,2018-08-09,6071,1
60732018-08-09,2018-08-09,6073,1
60792018-08-09,2018-08-09,6079,1
60832018-08-09,2018-08-09,6083,1
60932018-08-09,2018-08-09,6093,1
61072018-08-09,2018-08-09,6107,1
61112018-08-09,2018-08-09,6111,1
60012018-08-10,2018-08-10,6001,1
60052018-08-10,2018-08-10,6005,1
60072018-08-10,2018-08-10,6007,1
60092018-08-10,2018-08-10,6009,1
60172018-08-10,2018-08-10,6017,1
60192018-08-10,2018-08-10,6019,1
60272018-08-10,2018-08-10,6027,1
60292018-08-10,2018-08-10,6029,1
60332018-08-10,2018-08-10,6033,1
60372018-08-10,2018-08-10,6037,1
60392018-08-10,2018-08-10,6039,1
60432018-08-10,2018-08-10,6043,1
60492018-08-10,2018-08-10,6049,1
60532018-08-10,2018-08-10,6053,1
60572018-08-10,2018-08-10,6057,1
60592018-08-10,2018-08-10,6059,1
60612018-08-10,2018-08-10,6061,1
60692018-08-10,2018-08-10,6069,1
60732018-08-10,2018-08-10,6073,1
60792018-08-10,2018-08-10,6079,1
60832018-08-10,2018-08-10,6083,1
60852018-08-10,2018-08-10,6085,1
60892018-08-10,2018-08-10,6089,1
60932018-08-10,2018-08-10,6093,1
61052018-08-10,2018-08-10,6105,1
61072018-08-10,2018-08-10,6107,1
61112018-08-10,2018-08-10,6111,1
60052018-08-11,2018-08-11,6005,1
60072018-08-11,2018-08-11,6007,1
60092018-08-11,2018-08-11,6009,1
60112018-08-11,2018-08-11,6011,1
60172018-08-11,2018-08-11,6017,1
60192018-08-11,2018-08-11,6019,1
60212018-08-11,2018-08-11,6021,1
60272018-08-11,2018-08-11,6027,1
60312018-08-11,2018-08-11,6031,1
60332018-08-11,2018-08-11,6033,1
60392018-08-11,2018-08-11,6039,1
60432018-08-11,2018-08-11,6043,1
60472018-08-11,2018-08-11,6047,1
60532018-08-11,2018-08-11,6053,1
60572018-08-11,2018-08-11,6057,1
60592018-08-11,2018-08-11,6059,1
60612018-08-11,2018-08-11,6061,1
60692018-08-11,2018-08-11,6069,1
60792018-08-11,2018-08-11,6079,1
60832018-08-11,2018-08-11,6083,1
60852018-08-11,2018-08-11,6085,1
60892018-08-11,2018-08-11,6089,1
60992018-08-11,2018-08-11,6099,1
61012018-08-11,2018-08-11,6101,1
61032018-08-11,2018-08-11,6103,1
61072018-08-11,2018-08-11,6107,1
61112018-08-11,2018-08-11,6111,1
61152018-08-11,2018-08-11,6115,1
60172018-08-12,2018-08-12,6017,1
60272018-08-12,2018-08-12,6027,1
60572018-08-12,2018-08-12,6057,1
60592018-08-12,2018-08-12,6059,1
60612018-08-12,2018-08-12,6061,1
60692018-08-12,2018-08-12,6069,1
61012018-08-12,2018-08-12,6101,1
61132018-08-12,2018-08-12,6113,1
61152018-08-12,2018-08-12,6115,1
60312018-08-13,2018-08-13,6031,1
60072018-08-18,2018-08-18,6007,1
60192018-08-18,2018-08-18,6019,1
60312018-08-18,2018-08-18,6031,1
60392018-08-18,2018-08-18,6039,1
60472018-08-18,2018-08-18,6047,1
60532018-08-18,2018-08-18,6053,1
60692018-08-18,2018-08-18,6069,1
60792018-08-18,2018-08-18,6079,1
60052018-08-19,2018-08-19,6005,1
60072018-08-19,2018-08-19,6007,1
60092018-08-19,2018-08-19,6009,1
60112018-08-19,2018-08-19,6011,1
60192018-08-19,2018-08-19,6019,1
60252018-08-19,2018-08-19,6025,1
60272018-08-19,2018-08-19,6027,1
60292018-08-19,2018-08-19,6029,1
60312018-08-19,2018-08-19,6031,1
60332018-08-19,2018-08-19,6033,1
60392018-08-19,2018-08-19,6039,1
60472018-08-19,2018-08-19,6047,1
60532018-08-19,2018-08-19,6053,1
60692018-08-19,2018-08-19,6069,1
60712018-08-19,2018-08-19,6071,1
60792018-08-19,2018-08-19,6079,1
60852018-08-19,2018-08-19,6085,1
60992018-08-19,2018-08-19,6099,1
61012018-08-19,2018-08-19,6101,1
61072018-08-19,2018-08-19,6107,1
61112018-08-19,2018-08-19,6111,1
61132018-08-19,2018-08-19,6113,1
61152018-08-19,2018-08-19,6115,1
60052018-08-20,2018-08-20,6005,1
60072018-08-20,2018-08-20,6007,1
60092018-08-20,2018-08-20,6009,1
60192018-08-20,2018-08-20,6019,1
60252018-08-20,2018-08-20,6025,1
60272018-08-20,2018-08-20,6027,1
60292018-08-20,2018-08-20,6029,1
60312018-08-20,2018-08-20,6031,1
60372018-08-20,2018-08-20,6037,1
60392018-08-20,2018-08-20,6039,1
60432018-08-20,2018-08-20,6043,1
60472018-08-20,2018-08-20,6047,1
60652018-08-20,2018-08-20,6065,1
60692018-08-20,2018-08-20,6069,1
60712018-08-20,2018-08-20,6071,1
60792018-08-20,2018-08-20,6079,1
61072018-08-20,2018-08-20,6107,1
61112018-08-20,2018-08-20,6111,1
61152018-08-20,2018-08-20,6115,1
60252018-08-21,2018-08-21,6025,1
60272018-08-21,2018-08-21,6027,1
60292018-08-21,2018-08-21,6029,1
60652018-08-21,2018-08-21,6065,1
60712018-08-21,2018-08-21,6071,1
60272018-08-22,2018-08-22,6027,1
60712018-08-22,2018-08-22,6071,1
60892018-09-03,2018-09-03,6089,1
61032018-09-03,2018-09-03,6103,1
60892018-09-04,2018-09-04,6089,1
61032018-09-04,2018-09-04,6103,1
60272018-09-08,2018-09-08,6027,1
60692018-09-08,2018-09-08,6069,1
60712018-09-08,2018-09-08,6071,1
60792018-09-08,2018-09-08,6079,1
60252018-09-09,2018-09-09,6025,1
60272018-09-09,2018-09-09,6027,1
60652018-09-09,2018-09-09,6065,1
60712018-09-09,2018-09-09,6071,1
60732018-09-09,2018-09-09,6073,1
60792018-09-09,2018-09-09,6079,1
60072018-09-10,2018-09-10,6007,1
60252018-09-10,2018-09-10,6025,1
60272018-09-10,2018-09-10,6027,1
60292018-09-10,2018-09-10,6029,1
60372018-09-10,2018-09-10,6037,1
60652018-09-10,2018-09-10,6065,1
60712018-09-10,2018-09-10,6071,1
60732018-09-10,2018-09-10,6073,1
60272018-09-11,2018-09-11,6027,1
60252018-09-16,2018-09-16,6025,1
60252018-09-17,2018-09-17,6025,1
60652018-09-17,2018-09-17,6065,1
60252018-09-18,2018-09-18,6025,1
60652018-09-18,2018-09-18,6065,1
60252018-09-23,2018-09-23,6025,1
60372018-09-23,2018-09-23,6037,1
60652018-09-23,2018-09-23,6065,1
60712018-09-23,2018-09-23,6071,1
60732018-09-23,2018-09-23,6073,1
60252018-09-24,2018-09-24,6025,1
60652018-09-24,2018-09-24,6065,1
60712018-09-24,2018-09-24,6071,1
60072018-09-26,2018-09-26,6007,1
60072018-09-27,2018-09-27,6007,1
60092018-09-27,2018-09-27,6009,1
60332018-09-27,2018-09-27,6033,1
60692018-09-27,2018-09-27,6069,1
60852018-09-27,2018-09-27,6085,1
60992018-09-27,2018-09-27,6099,1
61032018-09-27,2018-09-27,6103,1
60052018-09-28,2018-09-28,6005,1
60072018-09-28,2018-09-28,6007,1
60092018-09-28,2018-09-28,6009,1
60252018-09-28,2018-09-28,6025,1
60272018-09-28,2018-09-28,6027,1
60292018-09-28,2018-09-28,6029,1
60332018-09-28,2018-09-28,6033,1
60472018-09-28,2018-09-28,6047,1
60652018-09-28,2018-09-28,6065,1
60712018-09-28,2018-09-28,6071,1
60992018-09-28,2018-09-28,6099,1
61032018-09-28,2018-09-28,6103,1
61152018-09-28,2018-09-28,6115,1
60252018-09-29,2018-09-29,6025,1
60592018-10-02,2018-10-02,6059,1
60252018-10-27,2018-10-27,6025,1
60252019-04-09,2019-04-09,6025,1
60252019-04-10,2019-04-10,6025,1
60252019-04-20,2019-04-20,6025,1
60252019-04-21,2019-04-21,6025,1
60252019-04-24,2019-04-24,6025,1
60252019-04-25,2019-04-25,6025,1
60312019-04-25,2019-04-25,6031,1
60252019-04-26,2019-04-26,6025,1
60312019-04-26,2019-04-26,6031,1
60652019-04-26,2019-04-26,6065,1
60712019-04-26,2019-04-26,6071,1
60252019-04-27,2019-04-27,6025,1
60312019-04-27,2019-04-27,6031,1
60652019-04-27,2019-04-27,6065,1
60712019-04-27,2019-04-27,6071,1
60252019-04-28,2019-04-28,6025,1
60712019-04-28,2019-04-28,6071,1
60112019-06-02,2019-06-02,6011,1
60212019-06-02,2019-06-02,6021,1
61012019-06-02,2019-06-02,6101,1
60112019-06-04,2019-06-04,6011,1
60212019-06-04,2019-06-04,6021,1
61032019-06-04,2019-06-04,6103,1
60072019-06-05,2019-06-05,6007,1
60112019-06-05,2019-06-05,6011,1
60212019-06-05,2019-06-05,6021,1
60312019-06-05,2019-06-05,6031,1
60472019-06-05,2019-06-05,6047,1
60552019-06-05,2019-06-05,6055,1
60672019-06-05,2019-06-05,6067,1
60692019-06-05,2019-06-05,6069,1
60772019-06-05,2019-06-05,6077,1
60952019-06-05,2019-06-05,6095,1
60992019-06-05,2019-06-05,6099,1
61012019-06-05,2019-06-05,6101,1
61032019-06-05,2019-06-05,6103,1
61132019-06-05,2019-06-05,6113,1
61152019-06-05,2019-06-05,6115,1
60072019-06-06,2019-06-06,6007,1
60092019-06-06,2019-06-06,6009,1
60112019-06-06,2019-06-06,6011,1
60212019-06-06,2019-06-06,6021,1
60292019-06-06,2019-06-06,6029,1
60312019-06-06,2019-06-06,6031,1
60472019-06-06,2019-06-06,6047,1
60672019-06-06,2019-06-06,6067,1
60772019-06-06,2019-06-06,6077,1
60952019-06-06,2019-06-06,6095,1
60992019-06-06,2019-06-06,6099,1
61012019-06-06,2019-06-06,6101,1
61032019-06-06,2019-06-06,6103,1
61132019-06-06,2019-06-06,6113,1
61152019-06-06,2019-06-06,6115,1
60012019-06-10,2019-06-10,6001,1
60132019-06-10,2019-06-10,6013,1
60812019-06-10,2019-06-10,6081,1
60852019-06-10,2019-06-10,6085,1
60952019-06-10,2019-06-10,6095,1
60012019-06-11,2019-06-11,6001,1
60052019-06-11,2019-06-11,6005,1
60072019-06-11,2019-06-11,6007,1
60092019-06-11,2019-06-11,6009,1
60112019-06-11,2019-06-11,6011,1
60132019-06-11,2019-06-11,6013,1
60212019-06-11,2019-06-11,6021,1
60252019-06-11,2019-06-11,6025,1
60292019-06-11,2019-06-11,6029,1
60312019-06-11,2019-06-11,6031,1
60332019-06-11,2019-06-11,6033,1
60372019-06-11,2019-06-11,6037,1
60412019-06-11,2019-06-11,6041,1
60472019-06-11,2019-06-11,6047,1
60532019-06-11,2019-06-11,6053,1
60552019-06-11,2019-06-11,6055,1
60592019-06-11,2019-06-11,6059,1
60652019-06-11,2019-06-11,6065,1
60672019-06-11,2019-06-11,6067,1
60692019-06-11,2019-06-11,6069,1
60732019-06-11,2019-06-11,6073,1
60752019-06-11,2019-06-11,6075,1
60772019-06-11,2019-06-11,6077,1
60792019-06-11,2019-06-11,6079,1
60812019-06-11,2019-06-11,6081,1
60832019-06-11,2019-06-11,6083,1
60852019-06-11,2019-06-11,6085,1
60872019-06-11,2019-06-11,6087,1
60952019-06-11,2019-06-11,6095,1
60972019-06-11,2019-06-11,6097,1
60992019-06-11,2019-06-11,6099,1
61012019-06-11,2019-06-11,6101,1
61032019-06-11,2019-06-11,6103,1
61132019-06-11,2019-06-11,6113,1
61152019-06-11,2019-06-11,6115,1
60012019-06-12,2019-06-12,6001,1
60052019-06-12,2019-06-12,6005,1
60072019-06-12,2019-06-12,6007,1
60092019-06-12,2019-06-12,6009,1
60112019-06-12,2019-06-12,6011,1
60132019-06-12,2019-06-12,6013,1
60152019-06-12,2019-06-12,6015,1
60192019-06-12,2019-06-12,6019,1
60212019-06-12,2019-06-12,6021,1
60232019-06-12,2019-06-12,6023,1
60252019-06-12,2019-06-12,6025,1
60292019-06-12,2019-06-12,6029,1
60312019-06-12,2019-06-12,6031,1
60332019-06-12,2019-06-12,6033,1
60372019-06-12,2019-06-12,6037,1
60392019-06-12,2019-06-12,6039,1
60412019-06-12,2019-06-12,6041,1
60432019-06-12,2019-06-12,6043,1
60452019-06-12,2019-06-12,6045,1
60472019-06-12,2019-06-12,6047,1
60532019-06-12,2019-06-12,6053,1
60552019-06-12,2019-06-12,6055,1
60592019-06-12,2019-06-12,6059,1
60652019-06-12,2019-06-12,6065,1
60672019-06-12,2019-06-12,6067,1
60692019-06-12,2019-06-12,6069,1
60712019-06-12,2019-06-12,6071,1
60732019-06-12,2019-06-12,6073,1
60752019-06-12,2019-06-12,6075,1
60772019-06-12,2019-06-12,6077,1
60792019-06-12,2019-06-12,6079,1
60812019-06-12,2019-06-12,6081,1
60832019-06-12,2019-06-12,6083,1
60852019-06-12,2019-06-12,6085,1
60872019-06-12,2019-06-12,6087,1
60892019-06-12,2019-06-12,6089,1
60952019-06-12,2019-06-12,6095,1
60972019-06-12,2019-06-12,6097,1
60992019-06-12,2019-06-12,6099,1
61012019-06-12,2019-06-12,6101,1
61032019-06-12,2019-06-12,6103,1
61132019-06-12,2019-06-12,6113,1
61152019-06-12,2019-06-12,6115,1
60052019-06-13,2019-06-13,6005,1
60072019-06-13,2019-06-13,6007,1
60092019-06-13,2019-06-13,6009,1
60112019-06-13,2019-06-13,6011,1
60132019-06-13,2019-06-13,6013,1
60192019-06-13,2019-06-13,6019,1
60212019-06-13,2019-06-13,6021,1
60252019-06-13,2019-06-13,6025,1
60272019-06-13,2019-06-13,6027,1
60292019-06-13,2019-06-13,6029,1
60312019-06-13,2019-06-13,6031,1
60332019-06-13,2019-06-13,6033,1
60392019-06-13,2019-06-13,6039,1
60432019-06-13,2019-06-13,6043,1
60472019-06-13,2019-06-13,6047,1
60552019-06-13,2019-06-13,6055,1
60652019-06-13,2019-06-13,6065,1
60672019-06-13,2019-06-13,6067,1
60692019-06-13,2019-06-13,6069,1
60712019-06-13,2019-06-13,6071,1
60732019-06-13,2019-06-13,6073,1
60772019-06-13,2019-06-13,6077,1
60852019-06-13,2019-06-13,6085,1
60892019-06-13,2019-06-13,6089,1
60952019-06-13,2019-06-13,6095,1
60992019-06-13,2019-06-13,6099,1
61012019-06-13,2019-06-13,6101,1
61032019-06-13,2019-06-13,6103,1
61132019-06-13,2019-06-13,6113,1
61152019-06-13,2019-06-13,6115,1
60072019-06-14,2019-06-14,6007,1
60212019-06-14,2019-06-14,6021,1
60252019-06-14,2019-06-14,6025,1
60272019-06-14,2019-06-14,6027,1
60292019-06-14,2019-06-14,6029,1
60312019-06-14,2019-06-14,6031,1
60892019-06-14,2019-06-14,6089,1
61032019-06-14,2019-06-14,6103,1
61032019-06-15,2019-06-15,6103,1
60112019-06-18,2019-06-18,6011,1
60212019-06-18,2019-06-18,6021,1
60332019-06-18,2019-06-18,6033,1
60892019-06-18,2019-06-18,6089,1
61032019-06-18,2019-06-18,6103,1
60052019-06-19,2019-06-19,6005,1
60072019-06-19,2019-06-19,6007,1
60092019-06-19,2019-06-19,6009,1
60112019-06-19,2019-06-19,6011,1
60212019-06-19,2019-06-19,6021,1
60292019-06-19,2019-06-19,6029,1
60312019-06-19,2019-06-19,6031,1
60332019-06-19,2019-06-19,6033,1
60472019-06-19,2019-06-19,6047,1
60552019-06-19,2019-06-19,6055,1
60672019-06-19,2019-06-19,6067,1
60692019-06-19,2019-06-19,6069,1
60892019-06-19,2019-06-19,6089,1
60992019-06-19,2019-06-19,6099,1
61012019-06-19,2019-06-19,6101,1
61032019-06-19,2019-06-19,6103,1
61132019-06-19,2019-06-19,6113,1
61152019-06-19,2019-06-19,6115,1
60072019-06-20,2019-06-20,6007,1
60112019-06-20,2019-06-20,6011,1
60212019-06-20,2019-06-20,6021,1
60272019-06-20,2019-06-20,6027,1
60292019-06-20,2019-06-20,6029,1
60312019-06-20,2019-06-20,6031,1
60332019-06-20,2019-06-20,6033,1
61032019-06-20,2019-06-20,6103,1
60852019-06-24,2019-06-24,6085,1
60252019-07-13,2019-07-13,6025,1
60652019-07-13,2019-07-13,6065,1
60712019-07-13,2019-07-13,6071,1
60272019-07-14,2019-07-14,6027,1
60312019-07-14,2019-07-14,6031,1
60652019-07-14,2019-07-14,6065,1
60692019-07-14,2019-07-14,6069,1
60712019-07-14,2019-07-14,6071,1
60252019-07-15,2019-07-15,6025,1
60252019-07-16,2019-07-16,6025,1
60052019-07-23,2019-07-23,6005,1
60092019-07-23,2019-07-23,6009,1
60132019-07-23,2019-07-23,6013,1
60192019-07-23,2019-07-23,6019,1
60272019-07-23,2019-07-23,6027,1
60312019-07-23,2019-07-23,6031,1
60392019-07-23,2019-07-23,6039,1
60432019-07-23,2019-07-23,6043,1
60472019-07-23,2019-07-23,6047,1
60672019-07-23,2019-07-23,6067,1
60692019-07-23,2019-07-23,6069,1
60772019-07-23,2019-07-23,6077,1
60852019-07-23,2019-07-23,6085,1
60952019-07-23,2019-07-23,6095,1
60992019-07-23,2019-07-23,6099,1
61072019-07-23,2019-07-23,6107,1
61132019-07-23,2019-07-23,6113,1
60092019-07-24,2019-07-24,6009,1
60192019-07-24,2019-07-24,6019,1
60312019-07-24,2019-07-24,6031,1
60372019-07-24,2019-07-24,6037,1
60432019-07-24,2019-07-24,6043,1
60472019-07-24,2019-07-24,6047,1
60592019-07-24,2019-07-24,6059,1
60652019-07-24,2019-07-24,6065,1
60692019-07-24,2019-07-24,6069,1
60732019-07-24,2019-07-24,6073,1
60772019-07-24,2019-07-24,6077,1
60792019-07-24,2019-07-24,6079,1
60832019-07-24,2019-07-24,6083,1
60992019-07-24,2019-07-24,6099,1
61112019-07-24,2019-07-24,6111,1
60012019-07-25,2019-07-25,6001,1
60052019-07-25,2019-07-25,6005,1
60092019-07-25,2019-07-25,6009,1
60132019-07-25,2019-07-25,6013,1
60172019-07-25,2019-07-25,6017,1
60192019-07-25,2019-07-25,6019,1
60292019-07-25,2019-07-25,6029,1
60312019-07-25,2019-07-25,6031,1
60372019-07-25,2019-07-25,6037,1
60392019-07-25,2019-07-25,6039,1
60432019-07-25,2019-07-25,6043,1
60472019-07-25,2019-07-25,6047,1
60532019-07-25,2019-07-25,6053,1
60552019-07-25,2019-07-25,6055,1
60592019-07-25,2019-07-25,6059,1
60672019-07-25,2019-07-25,6067,1
60692019-07-25,2019-07-25,6069,1
60732019-07-25,2019-07-25,6073,1
60772019-07-25,2019-07-25,6077,1
60792019-07-25,2019-07-25,6079,1
60832019-07-25,2019-07-25,6083,1
60852019-07-25,2019-07-25,6085,1
60952019-07-25,2019-07-25,6095,1
60992019-07-25,2019-07-25,6099,1
61072019-07-25,2019-07-25,6107,1
61112019-07-25,2019-07-25,6111,1
60052019-07-26,2019-07-26,6005,1
60072019-07-26,2019-07-26,6007,1
60092019-07-26,2019-07-26,6009,1
60112019-07-26,2019-07-26,6011,1
60132019-07-26,2019-07-26,6013,1
60172019-07-26,2019-07-26,6017,1
60192019-07-26,2019-07-26,6019,1
60312019-07-26,2019-07-26,6031,1
60372019-07-26,2019-07-26,6037,1
60392019-07-26,2019-07-26,6039,1
60432019-07-26,2019-07-26,6043,1
60472019-07-26,2019-07-26,6047,1
60532019-07-26,2019-07-26,6053,1
60552019-07-26,2019-07-26,6055,1
60572019-07-26,2019-07-26,6057,1
60592019-07-26,2019-07-26,6059,1
60612019-07-26,2019-07-26,6061,1
60672019-07-26,2019-07-26,6067,1
60692019-07-26,2019-07-26,6069,1
60732019-07-26,2019-07-26,6073,1
60772019-07-26,2019-07-26,6077,1
60792019-07-26,2019-07-26,6079,1
60852019-07-26,2019-07-26,6085,1
60952019-07-26,2019-07-26,6095,1
60992019-07-26,2019-07-26,6099,1
61012019-07-26,2019-07-26,6101,1
61132019-07-26,2019-07-26,6113,1
61152019-07-26,2019-07-26,6115,1
60092019-07-27,2019-07-27,6009,1
60192019-07-27,2019-07-27,6019,1
60252019-07-27,2019-07-27,6025,1
60292019-07-27,2019-07-27,6029,1
60312019-07-27,2019-07-27,6031,1
60372019-07-27,2019-07-27,6037,1
60472019-07-27,2019-07-27,6047,1
60592019-07-27,2019-07-27,6059,1
60652019-07-27,2019-07-27,6065,1
60732019-07-27,2019-07-27,6073,1
60792019-07-27,2019-07-27,6079,1
60992019-07-27,2019-07-27,6099,1
61112019-07-27,2019-07-27,6111,1
60012019-07-28,2019-07-28,6001,1
60052019-07-28,2019-07-28,6005,1
60072019-07-28,2019-07-28,6007,1
60092019-07-28,2019-07-28,6009,1
60112019-07-28,2019-07-28,6011,1
60132019-07-28,2019-07-28,6013,1
60172019-07-28,2019-07-28,6017,1
60192019-07-28,2019-07-28,6019,1
60212019-07-28,2019-07-28,6021,1
60252019-07-28,2019-07-28,6025,1
60292019-07-28,2019-07-28,6029,1
60312019-07-28,2019-07-28,6031,1
60332019-07-28,2019-07-28,6033,1
60372019-07-28,2019-07-28,6037,1
60392019-07-28,2019-07-28,6039,1
60432019-07-28,2019-07-28,6043,1
60452019-07-28,2019-07-28,6045,1
60472019-07-28,2019-07-28,6047,1
60552019-07-28,2019-07-28,6055,1
60572019-07-28,2019-07-28,6057,1
60592019-07-28,2019-07-28,6059,1
60612019-07-28,2019-07-28,6061,1
60652019-07-28,2019-07-28,6065,1
60672019-07-28,2019-07-28,6067,1
60692019-07-28,2019-07-28,6069,1
60712019-07-28,2019-07-28,6071,1
60732019-07-28,2019-07-28,6073,1
60772019-07-28,2019-07-28,6077,1
60792019-07-28,2019-07-28,6079,1
60852019-07-28,2019-07-28,6085,1
60952019-07-28,2019-07-28,6095,1
60992019-07-28,2019-07-28,6099,1
61012019-07-28,2019-07-28,6101,1
61032019-07-28,2019-07-28,6103,1
61072019-07-28,2019-07-28,6107,1
61112019-07-28,2019-07-28,6111,1
61132019-07-28,2019-07-28,6113,1
61152019-07-28,2019-07-28,6115,1
60012019-07-29,2019-07-29,6001,1
60052019-07-29,2019-07-29,6005,1
60072019-07-29,2019-07-29,6007,1
60092019-07-29,2019-07-29,6009,1
60112019-07-29,2019-07-29,6011,1
60132019-07-29,2019-07-29,6013,1
60172019-07-29,2019-07-29,6017,1
60192019-07-29,2019-07-29,6019,1
60212019-07-29,2019-07-29,6021,1
60252019-07-29,2019-07-29,6025,1
60272019-07-29,2019-07-29,6027,1
60292019-07-29,2019-07-29,6029,1
60312019-07-29,2019-07-29,6031,1
60332019-07-29,2019-07-29,6033,1
60372019-07-29,2019-07-29,6037,1
60392019-07-29,2019-07-29,6039,1
60432019-07-29,2019-07-29,6043,1
60472019-07-29,2019-07-29,6047,1
60552019-07-29,2019-07-29,6055,1
60572019-07-29,2019-07-29,6057,1
60612019-07-29,2019-07-29,6061,1
60652019-07-29,2019-07-29,6065,1
60672019-07-29,2019-07-29,6067,1
60692019-07-29,2019-07-29,6069,1
60712019-07-29,2019-07-29,6071,1
60732019-07-29,2019-07-29,6073,1
60772019-07-29,2019-07-29,6077,1
60852019-07-29,2019-07-29,6085,1
60892019-07-29,2019-07-29,6089,1
60952019-07-29,2019-07-29,6095,1
60992019-07-29,2019-07-29,6099,1
61012019-07-29,2019-07-29,6101,1
61032019-07-29,2019-07-29,6103,1
61072019-07-29,2019-07-29,6107,1
61132019-07-29,2019-07-29,6113,1
61152019-07-29,2019-07-29,6115,1
60252019-07-30,2019-07-30,6025,1
60272019-07-30,2019-07-30,6027,1
60292019-07-30,2019-07-30,6029,1
60652019-07-30,2019-07-30,6065,1
60712019-07-30,2019-07-30,6071,1
60732019-07-30,2019-07-30,6073,1
60252019-08-03,2019-08-03,6025,1
60652019-08-03,2019-08-03,6065,1
60732019-08-03,2019-08-03,6073,1
60132019-08-04,2019-08-04,6013,1
60252019-08-04,2019-08-04,6025,1
60652019-08-04,2019-08-04,6065,1
60952019-08-04,2019-08-04,6095,1
60252019-08-05,2019-08-05,6025,1
60272019-08-05,2019-08-05,6027,1
60652019-08-05,2019-08-05,6065,1
60692019-08-05,2019-08-05,6069,1
60712019-08-05,2019-08-05,6071,1
61072019-08-05,2019-08-05,6107,1
60252019-08-06,2019-08-06,6025,1
60272019-08-06,2019-08-06,6027,1
60652019-08-06,2019-08-06,6065,1
60712019-08-06,2019-08-06,6071,1
60732019-08-06,2019-08-06,6073,1
61072019-08-06,2019-08-06,6107,1
60192019-08-07,2019-08-07,6019,1
60252019-08-07,2019-08-07,6025,1
60292019-08-07,2019-08-07,6029,1
60312019-08-07,2019-08-07,6031,1
60652019-08-07,2019-08-07,6065,1
60712019-08-07,2019-08-07,6071,1
60732019-08-07,2019-08-07,6073,1
61072019-08-07,2019-08-07,6107,1
60012019-08-14,2019-08-14,6001,1
60132019-08-14,2019-08-14,6013,1
60552019-08-14,2019-08-14,6055,1
60692019-08-14,2019-08-14,6069,1
60772019-08-14,2019-08-14,6077,1
60852019-08-14,2019-08-14,6085,1
60952019-08-14,2019-08-14,6095,1
61132019-08-14,2019-08-14,6113,1
60012019-08-15,2019-08-15,6001,1
60052019-08-15,2019-08-15,6005,1
60072019-08-15,2019-08-15,6007,1
60092019-08-15,2019-08-15,6009,1
60112019-08-15,2019-08-15,6011,1
60132019-08-15,2019-08-15,6013,1
60192019-08-15,2019-08-15,6019,1
60212019-08-15,2019-08-15,6021,1
60252019-08-15,2019-08-15,6025,1
60312019-08-15,2019-08-15,6031,1
60332019-08-15,2019-08-15,6033,1
60392019-08-15,2019-08-15,6039,1
60412019-08-15,2019-08-15,6041,1
60452019-08-15,2019-08-15,6045,1
60472019-08-15,2019-08-15,6047,1
60532019-08-15,2019-08-15,6053,1
60552019-08-15,2019-08-15,6055,1
60612019-08-15,2019-08-15,6061,1
60652019-08-15,2019-08-15,6065,1
60672019-08-15,2019-08-15,6067,1
60692019-08-15,2019-08-15,6069,1
60772019-08-15,2019-08-15,6077,1
60792019-08-15,2019-08-15,6079,1
60812019-08-15,2019-08-15,6081,1
60852019-08-15,2019-08-15,6085,1
60872019-08-15,2019-08-15,6087,1
60892019-08-15,2019-08-15,6089,1
60952019-08-15,2019-08-15,6095,1
60972019-08-15,2019-08-15,6097,1
60992019-08-15,2019-08-15,6099,1
61012019-08-15,2019-08-15,6101,1
61032019-08-15,2019-08-15,6103,1
61132019-08-15,2019-08-15,6113,1
61152019-08-15,2019-08-15,6115,1
60012019-08-16,2019-08-16,6001,1
60052019-08-16,2019-08-16,6005,1
60072019-08-16,2019-08-16,6007,1
60092019-08-16,2019-08-16,6009,1
60112019-08-16,2019-08-16,6011,1
60132019-08-16,2019-08-16,6013,1
60172019-08-16,2019-08-16,6017,1
60192019-08-16,2019-08-16,6019,1
60212019-08-16,2019-08-16,6021,1
60252019-08-16,2019-08-16,6025,1
60292019-08-16,2019-08-16,6029,1
60312019-08-16,2019-08-16,6031,1
60332019-08-16,2019-08-16,6033,1
60392019-08-16,2019-08-16,6039,1
60412019-08-16,2019-08-16,6041,1
60432019-08-16,2019-08-16,6043,1
60452019-08-16,2019-08-16,6045,1
60472019-08-16,2019-08-16,6047,1
60532019-08-16,2019-08-16,6053,1
60552019-08-16,2019-08-16,6055,1
60572019-08-16,2019-08-16,6057,1
60612019-08-16,2019-08-16,6061,1
60652019-08-16,2019-08-16,6065,1
60672019-08-16,2019-08-16,6067,1
60692019-08-16,2019-08-16,6069,1
60772019-08-16,2019-08-16,6077,1
60792019-08-16,2019-08-16,6079,1
60812019-08-16,2019-08-16,6081,1
60852019-08-16,2019-08-16,6085,1
60872019-08-16,2019-08-16,6087,1
60892019-08-16,2019-08-16,6089,1
60952019-08-16,2019-08-16,6095,1
60972019-08-16,2019-08-16,6097,1
60992019-08-16,2019-08-16,6099,1
61012019-08-16,2019-08-16,6101,1
61032019-08-16,2019-08-16,6103,1
61052019-08-16,2019-08-16,6105,1
61072019-08-16,2019-08-16,6107,1
61132019-08-16,2019-08-16,6113,1
61152019-08-16,2019-08-16,6115,1
60012019-08-17,2019-08-17,6001,1
60052019-08-17,2019-08-17,6005,1
60072019-08-17,2019-08-17,6007,1
60092019-08-17,2019-08-17,6009,1
60112019-08-17,2019-08-17,6011,1
60132019-08-17,2019-08-17,6013,1
60172019-08-17,2019-08-17,6017,1
60192019-08-17,2019-08-17,6019,1
60212019-08-17,2019-08-17,6021,1
60292019-08-17,2019-08-17,6029,1
60312019-08-17,2019-08-17,6031,1
60332019-08-17,2019-08-17,6033,1
60392019-08-17,2019-08-17,6039,1
60472019-08-17,2019-08-17,6047,1
60552019-08-17,2019-08-17,6055,1
60572019-08-17,2019-08-17,6057,1
60612019-08-17,2019-08-17,6061,1
60672019-08-17,2019-08-17,6067,1
60692019-08-17,2019-08-17,6069,1
60772019-08-17,2019-08-17,6077,1
60852019-08-17,2019-08-17,6085,1
60892019-08-17,2019-08-17,6089,1
60952019-08-17,2019-08-17,6095,1
60992019-08-17,2019-08-17,6099,1
61012019-08-17,2019-08-17,6101,1
61032019-08-17,2019-08-17,6103,1
61072019-08-17,2019-08-17,6107,1
61132019-08-17,2019-08-17,6113,1
61152019-08-17,2019-08-17,6115,1
60252019-08-22,2019-08-22,6025,1
60652019-08-22,2019-08-22,6065,1
60072019-08-23,2019-08-23,6007,1
60112019-08-23,2019-08-23,6011,1
60132019-08-23,2019-08-23,6013,1
60472019-08-23,2019-08-23,6047,1
60552019-08-23,2019-08-23,6055,1
60672019-08-23,2019-08-23,6067,1
60692019-08-23,2019-08-23,6069,1
60772019-08-23,2019-08-23,6077,1
60952019-08-23,2019-08-23,6095,1
60992019-08-23,2019-08-23,6099,1
61012019-08-23,2019-08-23,6101,1
61132019-08-23,2019-08-23,6113,1
61152019-08-23,2019-08-23,6115,1
60052019-08-24,2019-08-24,6005,1
60072019-08-24,2019-08-24,6007,1
60092019-08-24,2019-08-24,6009,1
60112019-08-24,2019-08-24,6011,1
60192019-08-24,2019-08-24,6019,1
60212019-08-24,2019-08-24,6021,1
60312019-08-24,2019-08-24,6031,1
60332019-08-24,2019-08-24,6033,1
60392019-08-24,2019-08-24,6039,1
60432019-08-24,2019-08-24,6043,1
60472019-08-24,2019-08-24,6047,1
60552019-08-24,2019-08-24,6055,1
60672019-08-24,2019-08-24,6067,1
60772019-08-24,2019-08-24,6077,1
60892019-08-24,2019-08-24,6089,1
60952019-08-24,2019-08-24,6095,1
60992019-08-24,2019-08-24,6099,1
61012019-08-24,2019-08-24,6101,1
61032019-08-24,2019-08-24,6103,1
61132019-08-24,2019-08-24,6113,1
61152019-08-24,2019-08-24,6115,1
60052019-08-25,2019-08-25,6005,1
60072019-08-25,2019-08-25,6007,1
60092019-08-25,2019-08-25,6009,1
60112019-08-25,2019-08-25,6011,1
60192019-08-25,2019-08-25,6019,1
60312019-08-25,2019-08-25,6031,1
60392019-08-25,2019-08-25,6039,1
60432019-08-25,2019-08-25,6043,1
60472019-08-25,2019-08-25,6047,1
60672019-08-25,2019-08-25,6067,1
60692019-08-25,2019-08-25,6069,1
60772019-08-25,2019-08-25,6077,1
60952019-08-25,2019-08-25,6095,1
60992019-08-25,2019-08-25,6099,1
61012019-08-25,2019-08-25,6101,1
61072019-08-25,2019-08-25,6107,1
61132019-08-25,2019-08-25,6113,1
61152019-08-25,2019-08-25,6115,1
60052019-08-26,2019-08-26,6005,1
60072019-08-26,2019-08-26,6007,1
60092019-08-26,2019-08-26,6009,1
60112019-08-26,2019-08-26,6011,1
60132019-08-26,2019-08-26,6013,1
60192019-08-26,2019-08-26,6019,1
60212019-08-26,2019-08-26,6021,1
60272019-08-26,2019-08-26,6027,1
60292019-08-26,2019-08-26,6029,1
60312019-08-26,2019-08-26,6031,1
60332019-08-26,2019-08-26,6033,1
60392019-08-26,2019-08-26,6039,1
60432019-08-26,2019-08-26,6043,1
60472019-08-26,2019-08-26,6047,1
60532019-08-26,2019-08-26,6053,1
60552019-08-26,2019-08-26,6055,1
60612019-08-26,2019-08-26,6061,1
60672019-08-26,2019-08-26,6067,1
60692019-08-26,2019-08-26,6069,1
60772019-08-26,2019-08-26,6077,1
60792019-08-26,2019-08-26,6079,1
60852019-08-26,2019-08-26,6085,1
60892019-08-26,2019-08-26,6089,1
60952019-08-26,2019-08-26,6095,1
60992019-08-26,2019-08-26,6099,1
61012019-08-26,2019-08-26,6101,1
61032019-08-26,2019-08-26,6103,1
61072019-08-26,2019-08-26,6107,1
61132019-08-26,2019-08-26,6113,1
61152019-08-26,2019-08-26,6115,1
60012019-08-27,2019-08-27,6001,1
60052019-08-27,2019-08-27,6005,1
60072019-08-27,2019-08-27,6007,1
60092019-08-27,2019-08-27,6009,1
60112019-08-27,2019-08-27,6011,1
60132019-08-27,2019-08-27,6013,1
60172019-08-27,2019-08-27,6017,1
60192019-08-27,2019-08-27,6019,1
60212019-08-27,2019-08-27,6021,1
60232019-08-27,2019-08-27,6023,1
60272019-08-27,2019-08-27,6027,1
60292019-08-27,2019-08-27,6029,1
60312019-08-27,2019-08-27,6031,1
60332019-08-27,2019-08-27,6033,1
60372019-08-27,2019-08-27,6037,1
60392019-08-27,2019-08-27,6039,1
60432019-08-27,2019-08-27,6043,1
60452019-08-27,2019-08-27,6045,1
60472019-08-27,2019-08-27,6047,1
60532019-08-27,2019-08-27,6053,1
60552019-08-27,2019-08-27,6055,1
60572019-08-27,2019-08-27,6057,1
60612019-08-27,2019-08-27,6061,1
60672019-08-27,2019-08-27,6067,1
60692019-08-27,2019-08-27,6069,1
60712019-08-27,2019-08-27,6071,1
60772019-08-27,2019-08-27,6077,1
60792019-08-27,2019-08-27,6079,1
60852019-08-27,2019-08-27,6085,1
60892019-08-27,2019-08-27,6089,1
60952019-08-27,2019-08-27,6095,1
60992019-08-27,2019-08-27,6099,1
61012019-08-27,2019-08-27,6101,1
61032019-08-27,2019-08-27,6103,1
61052019-08-27,2019-08-27,6105,1
61072019-08-27,2019-08-27,6107,1
61132019-08-27,2019-08-27,6113,1
61152019-08-27,2019-08-27,6115,1
60052019-08-28,2019-08-28,6005,1
60072019-08-28,2019-08-28,6007,1
60092019-08-28,2019-08-28,6009,1
60112019-08-28,2019-08-28,6011,1
60132019-08-28,2019-08-28,6013,1
60152019-08-28,2019-08-28,6015,1
60172019-08-28,2019-08-28,6017,1
60192019-08-28,2019-08-28,6019,1
60212019-08-28,2019-08-28,6021,1
60232019-08-28,2019-08-28,6023,1
60272019-08-28,2019-08-28,6027,1
60292019-08-28,2019-08-28,6029,1
60312019-08-28,2019-08-28,6031,1
60332019-08-28,2019-08-28,6033,1
60392019-08-28,2019-08-28,6039,1
60432019-08-28,2019-08-28,6043,1
60452019-08-28,2019-08-28,6045,1
60472019-08-28,2019-08-28,6047,1
60532019-08-28,2019-08-28,6053,1
60552019-08-28,2019-08-28,6055,1
60572019-08-28,2019-08-28,6057,1
60612019-08-28,2019-08-28,6061,1
60632019-08-28,2019-08-28,6063,1
60672019-08-28,2019-08-28,6067,1
60692019-08-28,2019-08-28,6069,1
60712019-08-28,2019-08-28,6071,1
60772019-08-28,2019-08-28,6077,1
60792019-08-28,2019-08-28,6079,1
60852019-08-28,2019-08-28,6085,1
60892019-08-28,2019-08-28,6089,1
60932019-08-28,2019-08-28,6093,1
60952019-08-28,2019-08-28,6095,1
60992019-08-28,2019-08-28,6099,1
61012019-08-28,2019-08-28,6101,1
61032019-08-28,2019-08-28,6103,1
61052019-08-28,2019-08-28,6105,1
61072019-08-28,2019-08-28,6107,1
61132019-08-28,2019-08-28,6113,1
61152019-08-28,2019-08-28,6115,1
60192019-08-29,2019-08-29,6019,1
60212019-08-29,2019-08-29,6021,1
60272019-08-29,2019-08-29,6027,1
60292019-08-29,2019-08-29,6029,1
60312019-08-29,2019-08-29,6031,1
60392019-08-29,2019-08-29,6039,1
60432019-08-29,2019-08-29,6043,1
60472019-08-29,2019-08-29,6047,1
60712019-08-29,2019-08-29,6071,1
60892019-08-29,2019-08-29,6089,1
61032019-08-29,2019-08-29,6103,1
61052019-08-29,2019-08-29,6105,1
61072019-08-29,2019-08-29,6107,1
60272019-08-30,2019-08-30,6027,1
60252019-08-31,2019-08-31,6025,1
60272019-08-31,2019-08-31,6027,1
60652019-08-31,2019-08-31,6065,1
60712019-08-31,2019-08-31,6071,1
60132019-09-01,2019-09-01,6013,1
60252019-09-01,2019-09-01,6025,1
60272019-09-01,2019-09-01,6027,1
60552019-09-01,2019-09-01,6055,1
60652019-09-01,2019-09-01,6065,1
60852019-09-01,2019-09-01,6085,1
60952019-09-01,2019-09-01,6095,1
60092019-09-02,2019-09-02,6009,1
60132019-09-02,2019-09-02,6013,1
60252019-09-02,2019-09-02,6025,1
60272019-09-02,2019-09-02,6027,1
60292019-09-02,2019-09-02,6029,1
60312019-09-02,2019-09-02,6031,1
60372019-09-02,2019-09-02,6037,1
60392019-09-02,2019-09-02,6039,1
60432019-09-02,2019-09-02,6043,1
60472019-09-02,2019-09-02,6047,1
60532019-09-02,2019-09-02,6053,1
60652019-09-02,2019-09-02,6065,1
60692019-09-02,2019-09-02,6069,1
60712019-09-02,2019-09-02,6071,1
60732019-09-02,2019-09-02,6073,1
60772019-09-02,2019-09-02,6077,1
60792019-09-02,2019-09-02,6079,1
60832019-09-02,2019-09-02,6083,1
60852019-09-02,2019-09-02,6085,1
60952019-09-02,2019-09-02,6095,1
60992019-09-02,2019-09-02,6099,1
61072019-09-02,2019-09-02,6107,1
60092019-09-03,2019-09-03,6009,1
60192019-09-03,2019-09-03,6019,1
60292019-09-03,2019-09-03,6029,1
60312019-09-03,2019-09-03,6031,1
60372019-09-03,2019-09-03,6037,1
60392019-09-03,2019-09-03,6039,1
60432019-09-03,2019-09-03,6043,1
60472019-09-03,2019-09-03,6047,1
60532019-09-03,2019-09-03,6053,1
60592019-09-03,2019-09-03,6059,1
60692019-09-03,2019-09-03,6069,1
60712019-09-03,2019-09-03,6071,1
60772019-09-03,2019-09-03,6077,1
60792019-09-03,2019-09-03,6079,1
60832019-09-03,2019-09-03,6083,1
60992019-09-03,2019-09-03,6099,1
61072019-09-03,2019-09-03,6107,1
61112019-09-03,2019-09-03,6111,1
60092019-09-04,2019-09-04,6009,1
60192019-09-04,2019-09-04,6019,1
60252019-09-04,2019-09-04,6025,1
60272019-09-04,2019-09-04,6027,1
60292019-09-04,2019-09-04,6029,1
60312019-09-04,2019-09-04,6031,1
60372019-09-04,2019-09-04,6037,1
60392019-09-04,2019-09-04,6039,1
60432019-09-04,2019-09-04,6043,1
60592019-09-04,2019-09-04,6059,1
60652019-09-04,2019-09-04,6065,1
60712019-09-04,2019-09-04,6071,1
60732019-09-04,2019-09-04,6073,1
60792019-09-04,2019-09-04,6079,1
60832019-09-04,2019-09-04,6083,1
61112019-09-04,2019-09-04,6111,1
60052019-09-05,2019-09-05,6005,1
60092019-09-05,2019-09-05,6009,1
60192019-09-05,2019-09-05,6019,1
60252019-09-05,2019-09-05,6025,1
60272019-09-05,2019-09-05,6027,1
60292019-09-05,2019-09-05,6029,1
60312019-09-05,2019-09-05,6031,1
60372019-09-05,2019-09-05,6037,1
60392019-09-05,2019-09-05,6039,1
60432019-09-05,2019-09-05,6043,1
60472019-09-05,2019-09-05,6047,1
60532019-09-05,2019-09-05,6053,1
60592019-09-05,2019-09-05,6059,1
60652019-09-05,2019-09-05,6065,1
60692019-09-05,2019-09-05,6069,1
60712019-09-05,2019-09-05,6071,1
60732019-09-05,2019-09-05,6073,1
60772019-09-05,2019-09-05,6077,1
60792019-09-05,2019-09-05,6079,1
60832019-09-05,2019-09-05,6083,1
60992019-09-05,2019-09-05,6099,1
61072019-09-05,2019-09-05,6107,1
61112019-09-05,2019-09-05,6111,1
60252019-09-06,2019-09-06,6025,1
60292019-09-06,2019-09-06,6029,1
60312019-09-06,2019-09-06,6031,1
60372019-09-06,2019-09-06,6037,1
60392019-09-06,2019-09-06,6039,1
60432019-09-06,2019-09-06,6043,1
60592019-09-06,2019-09-06,6059,1
60652019-09-06,2019-09-06,6065,1
60792019-09-06,2019-09-06,6079,1
61112019-09-06,2019-09-06,6111,1
60252019-09-07,2019-09-07,6025,1
60652019-09-07,2019-09-07,6065,1
60712019-09-07,2019-09-07,6071,1
60252019-09-08,2019-09-08,6025,1
60552019-09-13,2019-09-13,6055,1
60852019-09-13,2019-09-13,6085,1
60012019-09-14,2019-09-14,6001,1
60092019-09-14,2019-09-14,6009,1
60112019-09-14,2019-09-14,6011,1
60132019-09-14,2019-09-14,6013,1
60212019-09-14,2019-09-14,6021,1
60332019-09-14,2019-09-14,6033,1
60372019-09-14,2019-09-14,6037,1
60472019-09-14,2019-09-14,6047,1
60532019-09-14,2019-09-14,6053,1
60552019-09-14,2019-09-14,6055,1
60592019-09-14,2019-09-14,6059,1
60672019-09-14,2019-09-14,6067,1
60692019-09-14,2019-09-14,6069,1
60772019-09-14,2019-09-14,6077,1
60792019-09-14,2019-09-14,6079,1
60812019-09-14,2019-09-14,6081,1
60832019-09-14,2019-09-14,6083,1
60852019-09-14,2019-09-14,6085,1
60872019-09-14,2019-09-14,6087,1
60952019-09-14,2019-09-14,6095,1
60972019-09-14,2019-09-14,6097,1
60992019-09-14,2019-09-14,6099,1
61032019-09-14,2019-09-14,6103,1
61132019-09-14,2019-09-14,6113,1
61152019-09-14,2019-09-14,6115,1
60052019-09-15,2019-09-15,6005,1
60092019-09-15,2019-09-15,6009,1
60132019-09-15,2019-09-15,6013,1
60292019-09-15,2019-09-15,6029,1
60312019-09-15,2019-09-15,6031,1
60372019-09-15,2019-09-15,6037,1
60472019-09-15,2019-09-15,6047,1
60532019-09-15,2019-09-15,6053,1
60592019-09-15,2019-09-15,6059,1
60672019-09-15,2019-09-15,6067,1
60692019-09-15,2019-09-15,6069,1
60732019-09-15,2019-09-15,6073,1
60772019-09-15,2019-09-15,6077,1
60792019-09-15,2019-09-15,6079,1
60832019-09-15,2019-09-15,6083,1
60852019-09-15,2019-09-15,6085,1
60952019-09-15,2019-09-15,6095,1
60992019-09-15,2019-09-15,6099,1
61012019-09-15,2019-09-15,6101,1
61132019-09-15,2019-09-15,6113,1
61152019-09-15,2019-09-15,6115,1
60252019-09-16,2019-09-16,6025,1
60592019-09-16,2019-09-16,6059,1
60652019-09-16,2019-09-16,6065,1
60712019-09-16,2019-09-16,6071,1
60732019-09-16,2019-09-16,6073,1
60012019-09-25,2019-09-25,6001,1
60072019-09-25,2019-09-25,6007,1
60112019-09-25,2019-09-25,6011,1
60132019-09-25,2019-09-25,6013,1
60212019-09-25,2019-09-25,6021,1
60332019-09-25,2019-09-25,6033,1
60412019-09-25,2019-09-25,6041,1
60472019-09-25,2019-09-25,6047,1
60532019-09-25,2019-09-25,6053,1
60552019-09-25,2019-09-25,6055,1
60672019-09-25,2019-09-25,6067,1
60692019-09-25,2019-09-25,6069,1
60772019-09-25,2019-09-25,6077,1
60812019-09-25,2019-09-25,6081,1
60852019-09-25,2019-09-25,6085,1
60872019-09-25,2019-09-25,6087,1
60952019-09-25,2019-09-25,6095,1
60972019-09-25,2019-09-25,6097,1
60992019-09-25,2019-09-25,6099,1
61012019-09-25,2019-09-25,6101,1
61032019-09-25,2019-09-25,6103,1
61132019-09-25,2019-09-25,6113,1
61152019-09-25,2019-09-25,6115,1
60012019-09-26,2019-09-26,6001,1
60052019-09-26,2019-09-26,6005,1
60072019-09-26,2019-09-26,6007,1
60092019-09-26,2019-09-26,6009,1
60112019-09-26,2019-09-26,6011,1
60132019-09-26,2019-09-26,6013,1
60212019-09-26,2019-09-26,6021,1
60272019-09-26,2019-09-26,6027,1
60312019-09-26,2019-09-26,6031,1
60332019-09-26,2019-09-26,6033,1
60412019-09-26,2019-09-26,6041,1
60452019-09-26,2019-09-26,6045,1
60472019-09-26,2019-09-26,6047,1
60532019-09-26,2019-09-26,6053,1
60552019-09-26,2019-09-26,6055,1
60672019-09-26,2019-09-26,6067,1
60692019-09-26,2019-09-26,6069,1
60752019-09-26,2019-09-26,6075,1
60772019-09-26,2019-09-26,6077,1
60792019-09-26,2019-09-26,6079,1
60812019-09-26,2019-09-26,6081,1
60852019-09-26,2019-09-26,6085,1
60872019-09-26,2019-09-26,6087,1
60952019-09-26,2019-09-26,6095,1
60972019-09-26,2019-09-26,6097,1
60992019-09-26,2019-09-26,6099,1
61012019-09-26,2019-09-26,6101,1
61032019-09-26,2019-09-26,6103,1
61132019-09-26,2019-09-26,6113,1
61152019-09-26,2019-09-26,6115,1
60112019-09-27,2019-09-27,6011,1
60212019-09-27,2019-09-27,6021,1
60312019-09-27,2019-09-27,6031,1
60472019-09-27,2019-09-27,6047,1
60992019-09-27,2019-09-27,6099,1
61012019-09-27,2019-09-27,6101,1
61132019-09-27,2019-09-27,6113,1
61152019-09-27,2019-09-27,6115,1
60252019-10-17,2019-10-17,6025,1
60592019-10-22,2019-10-22,6059,1
60252019-10-23,2019-10-23,6025,1
60592019-10-23,2019-10-23,6059,1
60252019-10-24,2019-10-24,6025,1
60592019-10-24,2019-10-24,6059,1
60592019-10-25,2019-10-25,6059,1
60872019-10-25,2019-10-25,6087,1
60592019-10-26,2019-10-26,6059,1
