fipdate,fips_wd,date_wd,exposed_wd
60652019-10-31,6065,2019-10-31,1
60952019-10-06,6095,2019-10-06,1
60952019-10-07,6095,2019-10-07,1
61032018-06-09,6103,2018-06-09,1
61032018-06-10,6103,2018-06-10,1
61032018-06-11,6103,2018-06-11,1
61032018-06-12,6103,2018-06-12,1
60432019-10-06,6043,2019-10-06,1
60432019-10-07,6043,2019-10-07,1
60432019-10-08,6043,2019-10-08,1
60432019-10-09,6043,2019-10-09,1
60432019-10-10,6043,2019-10-10,1
60432019-10-11,6043,2019-10-11,1
60432019-10-12,6043,2019-10-12,1
60432019-10-13,6043,2019-10-13,1
60432019-10-14,6043,2019-10-14,1
60432019-10-15,6043,2019-10-15,1
60432019-10-16,6043,2019-10-16,1
60432019-10-17,6043,2019-10-17,1
60432019-10-18,6043,2019-10-18,1
60432019-10-19,6043,2019-10-19,1
60432019-10-20,6043,2019-10-20,1
60072018-11-08,6007,2018-11-08,1
60072018-11-09,6007,2018-11-09,1
60072018-11-10,6007,2018-11-10,1
60072018-11-11,6007,2018-11-11,1
60072018-11-12,6007,2018-11-12,1
60072018-11-13,6007,2018-11-13,1
60072018-11-14,6007,2018-11-14,1
60072018-11-15,6007,2018-11-15,1
60072018-11-16,6007,2018-11-16,1
60072018-11-17,6007,2018-11-17,1
60072018-11-18,6007,2018-11-18,1
60072018-11-19,6007,2018-11-19,1
60072018-11-20,6007,2018-11-20,1
60072018-11-21,6007,2018-11-21,1
60072018-11-22,6007,2018-11-22,1
60072018-11-23,6007,2018-11-23,1
60072018-11-24,6007,2018-11-24,1
60072018-11-25,6007,2018-11-25,1
60072018-11-26,6007,2018-11-26,1
60072018-11-27,6007,2018-11-27,1
60072018-11-28,6007,2018-11-28,1
60072018-11-29,6007,2018-11-29,1
60072018-11-30,6007,2018-11-30,1
60072018-12-01,6007,2018-12-01,1
60072018-12-02,6007,2018-12-02,1
60072018-12-03,6007,2018-12-03,1
60072018-12-04,6007,2018-12-04,1
60072018-12-05,6007,2018-12-05,1
60072018-12-06,6007,2018-12-06,1
60072018-12-07,6007,2018-12-07,1
60072018-12-08,6007,2018-12-08,1
60072018-12-09,6007,2018-12-09,1
60072018-12-10,6007,2018-12-10,1
60072018-12-11,6007,2018-12-11,1
60072018-12-12,6007,2018-12-12,1
60072018-12-13,6007,2018-12-13,1
60072018-12-14,6007,2018-12-14,1
60072018-12-15,6007,2018-12-15,1
60072018-12-16,6007,2018-12-16,1
60072018-12-17,6007,2018-12-17,1
60072018-12-18,6007,2018-12-18,1
60072018-12-19,6007,2018-12-19,1
60072018-12-20,6007,2018-12-20,1
60632018-11-08,6063,2018-11-08,1
60632018-11-09,6063,2018-11-09,1
60632018-11-10,6063,2018-11-10,1
60632018-11-11,6063,2018-11-11,1
60632018-11-12,6063,2018-11-12,1
60632018-11-13,6063,2018-11-13,1
60632018-11-14,6063,2018-11-14,1
60632018-11-15,6063,2018-11-15,1
60632018-11-16,6063,2018-11-16,1
60632018-11-17,6063,2018-11-17,1
60632018-11-18,6063,2018-11-18,1
60632018-11-19,6063,2018-11-19,1
60632018-11-20,6063,2018-11-20,1
60632018-11-21,6063,2018-11-21,1
60632018-11-22,6063,2018-11-22,1
60632018-11-23,6063,2018-11-23,1
60632018-11-24,6063,2018-11-24,1
60632018-11-25,6063,2018-11-25,1
60632018-11-26,6063,2018-11-26,1
60632018-11-27,6063,2018-11-27,1
60632018-11-28,6063,2018-11-28,1
60632018-11-29,6063,2018-11-29,1
60632018-11-30,6063,2018-11-30,1
60632018-12-01,6063,2018-12-01,1
60632018-12-02,6063,2018-12-02,1
60632018-12-03,6063,2018-12-03,1
60632018-12-04,6063,2018-12-04,1
60632018-12-05,6063,2018-12-05,1
60632018-12-06,6063,2018-12-06,1
60632018-12-07,6063,2018-12-07,1
60632018-12-08,6063,2018-12-08,1
60632018-12-09,6063,2018-12-09,1
60632018-12-10,6063,2018-12-10,1
60632018-12-11,6063,2018-12-11,1
60632018-12-12,6063,2018-12-12,1
60632018-12-13,6063,2018-12-13,1
60632018-12-14,6063,2018-12-14,1
60632018-12-15,6063,2018-12-15,1
60632018-12-16,6063,2018-12-16,1
60632018-12-17,6063,2018-12-17,1
60632018-12-18,6063,2018-12-18,1
60632018-12-19,6063,2018-12-19,1
60632018-12-20,6063,2018-12-20,1
60892018-07-23,6089,2018-07-23,1
60892018-07-24,6089,2018-07-24,1
60892018-07-25,6089,2018-07-25,1
60892018-07-26,6089,2018-07-26,1
60892018-07-27,6089,2018-07-27,1
60892018-07-28,6089,2018-07-28,1
60892018-07-29,6089,2018-07-29,1
60892018-07-30,6089,2018-07-30,1
60892018-07-31,6089,2018-07-31,1
60892018-08-01,6089,2018-08-01,1
60892018-08-02,6089,2018-08-02,1
60892018-08-03,6089,2018-08-03,1
60892018-08-04,6089,2018-08-04,1
60892018-08-05,6089,2018-08-05,1
60892018-08-06,6089,2018-08-06,1
60892018-08-07,6089,2018-08-07,1
60892018-08-08,6089,2018-08-08,1
60892018-08-09,6089,2018-08-09,1
60892018-08-10,6089,2018-08-10,1
60892018-08-11,6089,2018-08-11,1
60892018-08-12,6089,2018-08-12,1
60892018-08-13,6089,2018-08-13,1
60892018-08-14,6089,2018-08-14,1
60892018-08-15,6089,2018-08-15,1
60892018-08-16,6089,2018-08-16,1
60892018-08-17,6089,2018-08-17,1
60892018-08-18,6089,2018-08-18,1
60892018-08-19,6089,2018-08-19,1
60892018-08-20,6089,2018-08-20,1
60892018-08-21,6089,2018-08-21,1
60892018-08-22,6089,2018-08-22,1
60892018-08-23,6089,2018-08-23,1
60892018-08-24,6089,2018-08-24,1
60892018-08-25,6089,2018-08-25,1
60892018-08-26,6089,2018-08-26,1
60892018-08-27,6089,2018-08-27,1
60892018-08-28,6089,2018-08-28,1
60892018-08-29,6089,2018-08-29,1
60892018-08-30,6089,2018-08-30,1
60892018-08-31,6089,2018-08-31,1
60892018-09-01,6089,2018-09-01,1
61052018-07-23,6105,2018-07-23,1
61052018-07-24,6105,2018-07-24,1
61052018-07-25,6105,2018-07-25,1
61052018-07-26,6105,2018-07-26,1
61052018-07-27,6105,2018-07-27,1
61052018-07-28,6105,2018-07-28,1
61052018-07-29,6105,2018-07-29,1
61052018-07-30,6105,2018-07-30,1
61052018-07-31,6105,2018-07-31,1
61052018-08-01,6105,2018-08-01,1
61052018-08-02,6105,2018-08-02,1
61052018-08-03,6105,2018-08-03,1
61052018-08-04,6105,2018-08-04,1
61052018-08-05,6105,2018-08-05,1
61052018-08-06,6105,2018-08-06,1
61052018-08-07,6105,2018-08-07,1
61052018-08-08,6105,2018-08-08,1
61052018-08-09,6105,2018-08-09,1
61052018-08-10,6105,2018-08-10,1
61052018-08-11,6105,2018-08-11,1
61052018-08-12,6105,2018-08-12,1
61052018-08-13,6105,2018-08-13,1
61052018-08-14,6105,2018-08-14,1
61052018-08-15,6105,2018-08-15,1
61052018-08-16,6105,2018-08-16,1
61052018-08-17,6105,2018-08-17,1
61052018-08-18,6105,2018-08-18,1
61052018-08-19,6105,2018-08-19,1
61052018-08-20,6105,2018-08-20,1
61052018-08-21,6105,2018-08-21,1
61052018-08-22,6105,2018-08-22,1
61052018-08-23,6105,2018-08-23,1
61052018-08-24,6105,2018-08-24,1
61052018-08-25,6105,2018-08-25,1
61052018-08-26,6105,2018-08-26,1
61052018-08-27,6105,2018-08-27,1
61052018-08-28,6105,2018-08-28,1
61052018-08-29,6105,2018-08-29,1
61052018-08-30,6105,2018-08-30,1
61052018-08-31,6105,2018-08-31,1
61052018-09-01,6105,2018-09-01,1
60832019-11-25,6083,2019-11-25,1
60832019-11-26,6083,2019-11-26,1
60832019-11-27,6083,2019-11-27,1
60832019-11-28,6083,2019-11-28,1
60832019-11-29,6083,2019-11-29,1
60832019-11-30,6083,2019-11-30,1
60832019-12-01,6083,2019-12-01,1
60832019-12-02,6083,2019-12-02,1
60832019-12-03,6083,2019-12-03,1
60832019-12-04,6083,2019-12-04,1
60832019-12-05,6083,2019-12-05,1
60832019-12-06,6083,2019-12-06,1
60832019-12-07,6083,2019-12-07,1
60832019-12-08,6083,2019-12-08,1
60832019-12-09,6083,2019-12-09,1
60832019-12-10,6083,2019-12-10,1
60832019-12-11,6083,2019-12-11,1
60832019-12-12,6083,2019-12-12,1
60832019-12-13,6083,2019-12-13,1
60852018-07-22,6085,2018-07-22,1
60852018-07-23,6085,2018-07-23,1
60852018-07-24,6085,2018-07-24,1
60552018-06-30,6055,2018-06-30,1
60552018-07-01,6055,2018-07-01,1
60552018-07-02,6055,2018-07-02,1
60552018-07-03,6055,2018-07-03,1
60552018-07-04,6055,2018-07-04,1
60552018-07-05,6055,2018-07-05,1
60552018-07-06,6055,2018-07-06,1
60552018-07-07,6055,2018-07-07,1
60552018-07-08,6055,2018-07-08,1
60552018-07-09,6055,2018-07-09,1
60552018-07-10,6055,2018-07-10,1
60552018-07-11,6055,2018-07-11,1
60552018-07-12,6055,2018-07-12,1
60552018-07-13,6055,2018-07-13,1
60552018-07-14,6055,2018-07-14,1
60952018-06-30,6095,2018-06-30,1
60952018-07-01,6095,2018-07-01,1
60952018-07-02,6095,2018-07-02,1
60952018-07-03,6095,2018-07-03,1
60952018-07-04,6095,2018-07-04,1
60952018-07-05,6095,2018-07-05,1
60952018-07-06,6095,2018-07-06,1
60952018-07-07,6095,2018-07-07,1
60952018-07-08,6095,2018-07-08,1
60952018-07-09,6095,2018-07-09,1
60952018-07-10,6095,2018-07-10,1
60952018-07-11,6095,2018-07-11,1
60952018-07-12,6095,2018-07-12,1
60952018-07-13,6095,2018-07-13,1
60952018-07-14,6095,2018-07-14,1
61132018-06-30,6113,2018-06-30,1
61132018-07-01,6113,2018-07-01,1
61132018-07-02,6113,2018-07-02,1
61132018-07-03,6113,2018-07-03,1
61132018-07-04,6113,2018-07-04,1
61132018-07-05,6113,2018-07-05,1
61132018-07-06,6113,2018-07-06,1
61132018-07-07,6113,2018-07-07,1
61132018-07-08,6113,2018-07-08,1
61132018-07-09,6113,2018-07-09,1
61132018-07-10,6113,2018-07-10,1
61132018-07-11,6113,2018-07-11,1
61132018-07-12,6113,2018-07-12,1
61132018-07-13,6113,2018-07-13,1
61132018-07-14,6113,2018-07-14,1
60652018-07-25,6065,2018-07-25,1
60652018-07-26,6065,2018-07-26,1
60652018-07-27,6065,2018-07-27,1
60652018-07-28,6065,2018-07-28,1
60652018-07-29,6065,2018-07-29,1
60652018-07-30,6065,2018-07-30,1
60652018-07-31,6065,2018-07-31,1
60652018-08-01,6065,2018-08-01,1
60652018-08-02,6065,2018-08-02,1
60652018-08-03,6065,2018-08-03,1
60652018-08-04,6065,2018-08-04,1
60652018-08-05,6065,2018-08-05,1
60652018-08-06,6065,2018-08-06,1
60652018-08-07,6065,2018-08-07,1
60652018-08-08,6065,2018-08-08,1
60652018-08-09,6065,2018-08-09,1
60892018-06-24,6089,2018-06-24,1
60892018-06-25,6089,2018-06-25,1
60892018-06-26,6089,2018-06-26,1
60892018-06-27,6089,2018-06-27,1
60892018-06-28,6089,2018-06-28,1
60892018-06-29,6089,2018-06-29,1
60892018-09-05,6089,2018-09-05,1
60892018-09-06,6089,2018-09-06,1
60892018-09-07,6089,2018-09-07,1
60892018-09-08,6089,2018-09-08,1
60892018-09-09,6089,2018-09-09,1
60892018-09-10,6089,2018-09-10,1
60892018-09-11,6089,2018-09-11,1
60892018-09-12,6089,2018-09-12,1
60892018-09-13,6089,2018-09-13,1
60892018-09-14,6089,2018-09-14,1
60892018-09-15,6089,2018-09-15,1
60892018-09-16,6089,2018-09-16,1
60892018-09-17,6089,2018-09-17,1
60892018-09-18,6089,2018-09-18,1
60892018-09-19,6089,2018-09-19,1
60892018-09-20,6089,2018-09-20,1
60892018-09-21,6089,2018-09-21,1
60892018-09-22,6089,2018-09-22,1
60892018-09-23,6089,2018-09-23,1
60892018-09-24,6089,2018-09-24,1
60892018-09-25,6089,2018-09-25,1
60892018-09-26,6089,2018-09-26,1
60892018-09-27,6089,2018-09-27,1
60892018-09-28,6089,2018-09-28,1
60892018-09-29,6089,2018-09-29,1
60892018-09-30,6089,2018-09-30,1
60892018-10-01,6089,2018-10-01,1
60892018-10-02,6089,2018-10-02,1
60892018-10-03,6089,2018-10-03,1
60892018-10-04,6089,2018-10-04,1
60892018-10-05,6089,2018-10-05,1
60892018-10-06,6089,2018-10-06,1
60892018-10-07,6089,2018-10-07,1
60892018-10-08,6089,2018-10-08,1
60892018-10-09,6089,2018-10-09,1
60892018-10-10,6089,2018-10-10,1
60892018-10-11,6089,2018-10-11,1
61052018-09-05,6105,2018-09-05,1
61052018-09-06,6105,2018-09-06,1
61052018-09-07,6105,2018-09-07,1
61052018-09-08,6105,2018-09-08,1
61052018-09-09,6105,2018-09-09,1
61052018-09-10,6105,2018-09-10,1
61052018-09-11,6105,2018-09-11,1
61052018-09-12,6105,2018-09-12,1
61052018-09-13,6105,2018-09-13,1
61052018-09-14,6105,2018-09-14,1
61052018-09-15,6105,2018-09-15,1
61052018-09-16,6105,2018-09-16,1
61052018-09-17,6105,2018-09-17,1
61052018-09-18,6105,2018-09-18,1
61052018-09-19,6105,2018-09-19,1
61052018-09-20,6105,2018-09-20,1
61052018-09-21,6105,2018-09-21,1
61052018-09-22,6105,2018-09-22,1
61052018-09-23,6105,2018-09-23,1
61052018-09-24,6105,2018-09-24,1
61052018-09-25,6105,2018-09-25,1
61052018-09-26,6105,2018-09-26,1
61052018-09-27,6105,2018-09-27,1
61052018-09-28,6105,2018-09-28,1
61052018-09-29,6105,2018-09-29,1
61052018-09-30,6105,2018-09-30,1
61052018-10-01,6105,2018-10-01,1
61052018-10-02,6105,2018-10-02,1
61052018-10-03,6105,2018-10-03,1
61052018-10-04,6105,2018-10-04,1
61052018-10-05,6105,2018-10-05,1
61052018-10-06,6105,2018-10-06,1
61052018-10-07,6105,2018-10-07,1
61052018-10-08,6105,2018-10-08,1
61052018-10-09,6105,2018-10-09,1
61052018-10-10,6105,2018-10-10,1
61052018-10-11,6105,2018-10-11,1
61112019-10-30,6111,2019-10-30,1
61112019-10-31,6111,2019-10-31,1
61112019-11-01,6111,2019-11-01,1
61112019-11-02,6111,2019-11-02,1
61112019-11-03,6111,2019-11-03,1
61112019-11-04,6111,2019-11-04,1
61112019-11-05,6111,2019-11-05,1
61112019-11-06,6111,2019-11-06,1
61112019-11-07,6111,2019-11-07,1
61112019-11-08,6111,2019-11-08,1
60432018-07-13,6043,2018-07-13,1
60432018-07-14,6043,2018-07-14,1
60432018-07-15,6043,2018-07-15,1
60432018-07-16,6043,2018-07-16,1
60432018-07-17,6043,2018-07-17,1
60432018-07-18,6043,2018-07-18,1
60432018-07-19,6043,2018-07-19,1
60432018-07-20,6043,2018-07-20,1
60432018-07-21,6043,2018-07-21,1
60432018-07-22,6043,2018-07-22,1
60432018-07-23,6043,2018-07-23,1
60432018-07-24,6043,2018-07-24,1
60432018-07-25,6043,2018-07-25,1
60432018-07-26,6043,2018-07-26,1
60432018-07-27,6043,2018-07-27,1
60432018-07-28,6043,2018-07-28,1
60432018-07-29,6043,2018-07-29,1
60432018-07-30,6043,2018-07-30,1
60432018-07-31,6043,2018-07-31,1
60432018-08-01,6043,2018-08-01,1
60432018-08-02,6043,2018-08-02,1
60432018-08-03,6043,2018-08-03,1
60432018-08-04,6043,2018-08-04,1
60432018-08-05,6043,2018-08-05,1
60432018-08-06,6043,2018-08-06,1
60432018-08-07,6043,2018-08-07,1
60432018-08-08,6043,2018-08-08,1
60432018-08-09,6043,2018-08-09,1
60432018-08-10,6043,2018-08-10,1
60432018-08-11,6043,2018-08-11,1
60432018-08-12,6043,2018-08-12,1
60432018-08-13,6043,2018-08-13,1
60432018-08-14,6043,2018-08-14,1
60432018-08-15,6043,2018-08-15,1
60432018-08-16,6043,2018-08-16,1
60432018-08-17,6043,2018-08-17,1
60432018-08-18,6043,2018-08-18,1
60432018-08-19,6043,2018-08-19,1
60432018-08-20,6043,2018-08-20,1
60432018-08-21,6043,2018-08-21,1
60432018-08-22,6043,2018-08-22,1
61092018-07-13,6109,2018-07-13,1
61092018-07-14,6109,2018-07-14,1
61092018-07-15,6109,2018-07-15,1
61092018-07-16,6109,2018-07-16,1
61092018-07-17,6109,2018-07-17,1
61092018-07-18,6109,2018-07-18,1
61092018-07-19,6109,2018-07-19,1
61092018-07-20,6109,2018-07-20,1
61092018-07-21,6109,2018-07-21,1
61092018-07-22,6109,2018-07-22,1
61092018-07-23,6109,2018-07-23,1
61092018-07-24,6109,2018-07-24,1
61092018-07-25,6109,2018-07-25,1
61092018-07-26,6109,2018-07-26,1
61092018-07-27,6109,2018-07-27,1
61092018-07-28,6109,2018-07-28,1
61092018-07-29,6109,2018-07-29,1
61092018-07-30,6109,2018-07-30,1
61092018-07-31,6109,2018-07-31,1
61092018-08-01,6109,2018-08-01,1
61092018-08-02,6109,2018-08-02,1
61092018-08-03,6109,2018-08-03,1
61092018-08-04,6109,2018-08-04,1
61092018-08-05,6109,2018-08-05,1
61092018-08-06,6109,2018-08-06,1
61092018-08-07,6109,2018-08-07,1
61092018-08-08,6109,2018-08-08,1
61092018-08-09,6109,2018-08-09,1
61092018-08-10,6109,2018-08-10,1
61092018-08-11,6109,2018-08-11,1
61092018-08-12,6109,2018-08-12,1
61092018-08-13,6109,2018-08-13,1
61092018-08-14,6109,2018-08-14,1
61092018-08-15,6109,2018-08-15,1
61092018-08-16,6109,2018-08-16,1
61092018-08-17,6109,2018-08-17,1
61092018-08-18,6109,2018-08-18,1
61092018-08-19,6109,2018-08-19,1
61092018-08-20,6109,2018-08-20,1
61092018-08-21,6109,2018-08-21,1
61092018-08-22,6109,2018-08-22,1
60372019-10-28,6037,2019-10-28,1
60372019-10-29,6037,2019-10-29,1
60372019-10-30,6037,2019-10-30,1
60372019-10-31,6037,2019-10-31,1
60372019-11-01,6037,2019-11-01,1
60372019-11-02,6037,2019-11-02,1
60372019-11-03,6037,2019-11-03,1
60372019-11-04,6037,2019-11-04,1
60372019-11-05,6037,2019-11-05,1
60372019-11-06,6037,2019-11-06,1
60372019-11-07,6037,2019-11-07,1
60372019-11-08,6037,2019-11-08,1
60372019-11-09,6037,2019-11-09,1
60372019-11-10,6037,2019-11-10,1
60372019-11-11,6037,2019-11-11,1
60372019-11-12,6037,2019-11-12,1
60372019-11-13,6037,2019-11-13,1
60372019-11-14,6037,2019-11-14,1
60792019-07-08,6079,2019-07-08,1
60792019-07-09,6079,2019-07-09,1
60672018-05-30,6067,2018-05-30,1
6067NA,6067,NA,1
61112018-11-08,6111,2018-11-08,1
61112018-11-09,6111,2018-11-09,1
61112018-11-10,6111,2018-11-10,1
61112018-11-11,6111,2018-11-11,1
61112018-11-12,6111,2018-11-12,1
61112018-11-13,6111,2018-11-13,1
61112018-11-14,6111,2018-11-14,1
61112018-11-15,6111,2018-11-15,1
61112018-11-16,6111,2018-11-16,1
60652019-10-30,6065,2019-10-30,1
60652019-11-01,6065,2019-11-01,1
60652019-11-02,6065,2019-11-02,1
60652019-11-03,6065,2019-11-03,1
60712019-10-31,6071,2019-10-31,1
6071NA,6071,NA,1
60892018-09-02,6089,2018-09-02,1
60892018-09-03,6089,2018-09-03,1
60892018-09-04,6089,2018-09-04,1
60832018-07-06,6083,2018-07-06,1
60832018-07-07,6083,2018-07-07,1
60832018-07-08,6083,2018-07-08,1
60832018-07-09,6083,2018-07-09,1
60832018-07-10,6083,2018-07-10,1
60592018-08-06,6059,2018-08-06,1
60592018-08-07,6059,2018-08-07,1
60592018-08-08,6059,2018-08-08,1
60592018-08-09,6059,2018-08-09,1
60592018-08-10,6059,2018-08-10,1
60592018-08-11,6059,2018-08-11,1
60592018-08-12,6059,2018-08-12,1
60592018-08-13,6059,2018-08-13,1
60592018-08-14,6059,2018-08-14,1
60592018-08-15,6059,2018-08-15,1
60592018-08-16,6059,2018-08-16,1
60592018-08-17,6059,2018-08-17,1
60592018-08-18,6059,2018-08-18,1
60592018-08-19,6059,2018-08-19,1
60592018-08-20,6059,2018-08-20,1
60592018-08-21,6059,2018-08-21,1
60592018-08-22,6059,2018-08-22,1
60592018-08-23,6059,2018-08-23,1
60592018-08-24,6059,2018-08-24,1
60592018-08-25,6059,2018-08-25,1
60592018-08-26,6059,2018-08-26,1
60592018-08-27,6059,2018-08-27,1
60592018-08-28,6059,2018-08-28,1
60592018-08-29,6059,2018-08-29,1
60592018-08-30,6059,2018-08-30,1
60592018-08-31,6059,2018-08-31,1
60592018-09-01,6059,2018-09-01,1
60592018-09-02,6059,2018-09-02,1
60592018-09-03,6059,2018-09-03,1
60592018-09-04,6059,2018-09-04,1
60592018-09-05,6059,2018-09-05,1
60592018-09-06,6059,2018-09-06,1
60592018-09-07,6059,2018-09-07,1
60592018-09-08,6059,2018-09-08,1
60592018-09-09,6059,2018-09-09,1
60592018-09-10,6059,2018-09-10,1
60592018-09-11,6059,2018-09-11,1
60592018-09-12,6059,2018-09-12,1
60592018-09-13,6059,2018-09-13,1
60592018-09-14,6059,2018-09-14,1
60652018-08-10,6065,2018-08-10,1
60652018-08-11,6065,2018-08-11,1
60652018-08-12,6065,2018-08-12,1
60652018-08-13,6065,2018-08-13,1
60652018-08-14,6065,2018-08-14,1
60652018-08-15,6065,2018-08-15,1
60652018-08-16,6065,2018-08-16,1
60652018-08-17,6065,2018-08-17,1
60652018-08-18,6065,2018-08-18,1
60652018-08-19,6065,2018-08-19,1
60652018-08-20,6065,2018-08-20,1
60652018-08-21,6065,2018-08-21,1
60652018-08-22,6065,2018-08-22,1
60652018-08-23,6065,2018-08-23,1
60652018-08-24,6065,2018-08-24,1
60652018-08-25,6065,2018-08-25,1
60652018-08-26,6065,2018-08-26,1
60652018-08-27,6065,2018-08-27,1
60652018-08-28,6065,2018-08-28,1
60652018-08-29,6065,2018-08-29,1
60652018-08-30,6065,2018-08-30,1
60652018-08-31,6065,2018-08-31,1
60652018-09-01,6065,2018-09-01,1
60652018-09-02,6065,2018-09-02,1
60652018-09-03,6065,2018-09-03,1
60652018-09-04,6065,2018-09-04,1
60652018-09-05,6065,2018-09-05,1
60652018-09-06,6065,2018-09-06,1
60652018-09-07,6065,2018-09-07,1
60652018-09-08,6065,2018-09-08,1
60652018-09-09,6065,2018-09-09,1
60652018-09-10,6065,2018-09-10,1
60652018-09-11,6065,2018-09-11,1
60652018-09-12,6065,2018-09-12,1
60652018-09-13,6065,2018-09-13,1
60652018-09-14,6065,2018-09-14,1
60352018-06-27,6035,2018-06-27,1
60352018-06-28,6035,2018-06-28,1
60352018-06-29,6035,2018-06-29,1
60052018-07-06,6005,2018-07-06,1
60052018-07-07,6005,2018-07-07,1
60052018-07-08,6005,2018-07-08,1
60052018-07-09,6005,2018-07-09,1
60332019-10-23,6033,2019-10-23,1
60332019-10-24,6033,2019-10-24,1
60332019-10-25,6033,2019-10-25,1
60332019-10-26,6033,2019-10-26,1
60332019-10-27,6033,2019-10-27,1
60332019-10-28,6033,2019-10-28,1
60332019-10-29,6033,2019-10-29,1
60332019-10-30,6033,2019-10-30,1
60332019-10-31,6033,2019-10-31,1
60332019-11-01,6033,2019-11-01,1
60332019-11-02,6033,2019-11-02,1
60332019-11-03,6033,2019-11-03,1
60332019-11-04,6033,2019-11-04,1
60332019-11-05,6033,2019-11-05,1
60332019-11-06,6033,2019-11-06,1
60332019-11-07,6033,2019-11-07,1
60332019-11-08,6033,2019-11-08,1
60332019-11-09,6033,2019-11-09,1
60332019-11-10,6033,2019-11-10,1
60972019-10-23,6097,2019-10-23,1
60972019-10-24,6097,2019-10-24,1
60972019-10-25,6097,2019-10-25,1
60972019-10-26,6097,2019-10-26,1
60972019-10-27,6097,2019-10-27,1
60972019-10-28,6097,2019-10-28,1
60972019-10-29,6097,2019-10-29,1
60972019-10-30,6097,2019-10-30,1
60972019-10-31,6097,2019-10-31,1
60972019-11-01,6097,2019-11-01,1
60972019-11-02,6097,2019-11-02,1
60972019-11-03,6097,2019-11-03,1
60972019-11-04,6097,2019-11-04,1
60972019-11-05,6097,2019-11-05,1
60972019-11-06,6097,2019-11-06,1
60972019-11-07,6097,2019-11-07,1
60972019-11-08,6097,2019-11-08,1
60972019-11-09,6097,2019-11-09,1
60972019-11-10,6097,2019-11-10,1
60932018-07-05,6093,2018-07-05,1
60932018-07-06,6093,2018-07-06,1
60932018-07-07,6093,2018-07-07,1
60932018-07-08,6093,2018-07-08,1
60932018-07-09,6093,2018-07-09,1
60932018-07-10,6093,2018-07-10,1
60932018-07-11,6093,2018-07-11,1
60932018-07-12,6093,2018-07-12,1
60932018-07-13,6093,2018-07-13,1
60932018-07-14,6093,2018-07-14,1
60932018-07-15,6093,2018-07-15,1
60932018-07-16,6093,2018-07-16,1
60932018-07-17,6093,2018-07-17,1
60932018-07-18,6093,2018-07-18,1
60932018-07-19,6093,2018-07-19,1
60932018-07-20,6093,2018-07-20,1
60932018-07-21,6093,2018-07-21,1
60352019-08-24,6035,2019-08-24,1
60352019-08-25,6035,2019-08-25,1
60352019-08-26,6035,2019-08-26,1
60352019-08-27,6035,2019-08-27,1
60892019-08-22,6089,2019-08-22,1
60892019-08-23,6089,2019-08-23,1
60892019-08-24,6089,2019-08-24,1
60892019-08-25,6089,2019-08-25,1
60892019-08-26,6089,2019-08-26,1
60892019-08-27,6089,2019-08-27,1
60892019-08-28,6089,2019-08-28,1
60892019-08-29,6089,2019-08-29,1
60892019-08-30,6089,2019-08-30,1
60892019-08-31,6089,2019-08-31,1
60952018-08-10,6095,2018-08-10,1
60952018-08-11,6095,2018-08-11,1
60952018-08-12,6095,2018-08-12,1
60952018-08-13,6095,2018-08-13,1
60952018-08-14,6095,2018-08-14,1
60112018-06-23,6011,2018-06-23,1
60112018-06-24,6011,2018-06-24,1
60112018-06-25,6011,2018-06-25,1
60112018-06-26,6011,2018-06-26,1
60112018-06-27,6011,2018-06-27,1
60112018-06-28,6011,2018-06-28,1
60112018-06-29,6011,2018-06-29,1
60112018-06-30,6011,2018-06-30,1
60112018-07-01,6011,2018-07-01,1
60112018-07-02,6011,2018-07-02,1
60112018-07-03,6011,2018-07-03,1
60112018-07-04,6011,2018-07-04,1
60112018-07-05,6011,2018-07-05,1
60112018-07-06,6011,2018-07-06,1
60112018-07-07,6011,2018-07-07,1
60112018-07-08,6011,2018-07-08,1
60332018-06-23,6033,2018-06-23,1
60332018-06-24,6033,2018-06-24,1
60332018-06-25,6033,2018-06-25,1
60332018-06-26,6033,2018-06-26,1
60332018-06-27,6033,2018-06-27,1
60332018-06-28,6033,2018-06-28,1
60332018-06-29,6033,2018-06-29,1
60332018-06-30,6033,2018-06-30,1
60332018-07-01,6033,2018-07-01,1
60332018-07-02,6033,2018-07-02,1
60332018-07-03,6033,2018-07-03,1
60332018-07-04,6033,2018-07-04,1
60332018-07-05,6033,2018-07-05,1
60332018-07-06,6033,2018-07-06,1
60332018-07-07,6033,2018-07-07,1
60332018-07-08,6033,2018-07-08,1
60112018-07-27,6011,2018-07-27,1
60112018-07-28,6011,2018-07-28,1
60112018-07-29,6011,2018-07-29,1
60112018-07-30,6011,2018-07-30,1
60112018-07-31,6011,2018-07-31,1
60112018-08-01,6011,2018-08-01,1
60112018-08-02,6011,2018-08-02,1
60112018-08-03,6011,2018-08-03,1
60112018-08-04,6011,2018-08-04,1
60112018-08-05,6011,2018-08-05,1
60112018-08-06,6011,2018-08-06,1
60112018-08-07,6011,2018-08-07,1
60112018-08-08,6011,2018-08-08,1
60112018-08-09,6011,2018-08-09,1
60112018-08-10,6011,2018-08-10,1
60112018-08-11,6011,2018-08-11,1
60112018-08-12,6011,2018-08-12,1
60112018-08-13,6011,2018-08-13,1
60112018-08-14,6011,2018-08-14,1
60112018-08-15,6011,2018-08-15,1
60112018-08-16,6011,2018-08-16,1
60112018-08-17,6011,2018-08-17,1
60112018-08-18,6011,2018-08-18,1
60112018-08-19,6011,2018-08-19,1
60112018-08-20,6011,2018-08-20,1
60112018-08-21,6011,2018-08-21,1
60112018-08-22,6011,2018-08-22,1
60112018-08-23,6011,2018-08-23,1
60112018-08-24,6011,2018-08-24,1
60112018-08-25,6011,2018-08-25,1
60112018-08-26,6011,2018-08-26,1
60112018-08-27,6011,2018-08-27,1
60112018-08-28,6011,2018-08-28,1
60112018-08-29,6011,2018-08-29,1
60112018-08-30,6011,2018-08-30,1
60112018-08-31,6011,2018-08-31,1
60112018-09-01,6011,2018-09-01,1
60112018-09-02,6011,2018-09-02,1
60112018-09-03,6011,2018-09-03,1
60112018-09-04,6011,2018-09-04,1
60112018-09-05,6011,2018-09-05,1
60112018-09-06,6011,2018-09-06,1
60112018-09-07,6011,2018-09-07,1
60112018-09-08,6011,2018-09-08,1
60112018-09-09,6011,2018-09-09,1
60112018-09-10,6011,2018-09-10,1
60112018-09-11,6011,2018-09-11,1
60112018-09-12,6011,2018-09-12,1
60112018-09-13,6011,2018-09-13,1
60112018-09-14,6011,2018-09-14,1
60112018-09-15,6011,2018-09-15,1
60112018-09-16,6011,2018-09-16,1
60112018-09-17,6011,2018-09-17,1
60112018-09-18,6011,2018-09-18,1
60112018-09-19,6011,2018-09-19,1
60112018-09-20,6011,2018-09-20,1
60112018-09-21,6011,2018-09-21,1
60112018-09-22,6011,2018-09-22,1
60112018-09-23,6011,2018-09-23,1
60112018-09-24,6011,2018-09-24,1
60112018-09-25,6011,2018-09-25,1
60112018-09-26,6011,2018-09-26,1
60112018-09-27,6011,2018-09-27,1
60212018-07-27,6021,2018-07-27,1
60212018-07-28,6021,2018-07-28,1
60212018-07-29,6021,2018-07-29,1
60212018-07-30,6021,2018-07-30,1
60212018-07-31,6021,2018-07-31,1
60212018-08-01,6021,2018-08-01,1
60212018-08-02,6021,2018-08-02,1
60212018-08-03,6021,2018-08-03,1
60212018-08-04,6021,2018-08-04,1
60212018-08-05,6021,2018-08-05,1
60212018-08-06,6021,2018-08-06,1
60212018-08-07,6021,2018-08-07,1
60212018-08-08,6021,2018-08-08,1
60212018-08-09,6021,2018-08-09,1
60212018-08-10,6021,2018-08-10,1
60212018-08-11,6021,2018-08-11,1
60212018-08-12,6021,2018-08-12,1
60212018-08-13,6021,2018-08-13,1
60212018-08-14,6021,2018-08-14,1
60212018-08-15,6021,2018-08-15,1
60212018-08-16,6021,2018-08-16,1
60212018-08-17,6021,2018-08-17,1
60212018-08-18,6021,2018-08-18,1
60212018-08-19,6021,2018-08-19,1
60212018-08-20,6021,2018-08-20,1
60212018-08-21,6021,2018-08-21,1
60212018-08-22,6021,2018-08-22,1
60212018-08-23,6021,2018-08-23,1
60212018-08-24,6021,2018-08-24,1
60212018-08-25,6021,2018-08-25,1
60212018-08-26,6021,2018-08-26,1
60212018-08-27,6021,2018-08-27,1
60212018-08-28,6021,2018-08-28,1
60212018-08-29,6021,2018-08-29,1
60212018-08-30,6021,2018-08-30,1
60212018-08-31,6021,2018-08-31,1
60212018-09-01,6021,2018-09-01,1
60212018-09-02,6021,2018-09-02,1
60212018-09-03,6021,2018-09-03,1
60212018-09-04,6021,2018-09-04,1
60212018-09-05,6021,2018-09-05,1
60212018-09-06,6021,2018-09-06,1
60212018-09-07,6021,2018-09-07,1
60212018-09-08,6021,2018-09-08,1
60212018-09-09,6021,2018-09-09,1
60212018-09-10,6021,2018-09-10,1
60212018-09-11,6021,2018-09-11,1
60212018-09-12,6021,2018-09-12,1
60212018-09-13,6021,2018-09-13,1
60212018-09-14,6021,2018-09-14,1
60212018-09-15,6021,2018-09-15,1
60212018-09-16,6021,2018-09-16,1
60212018-09-17,6021,2018-09-17,1
60212018-09-18,6021,2018-09-18,1
60212018-09-19,6021,2018-09-19,1
60212018-09-20,6021,2018-09-20,1
60212018-09-21,6021,2018-09-21,1
60212018-09-22,6021,2018-09-22,1
60212018-09-23,6021,2018-09-23,1
60212018-09-24,6021,2018-09-24,1
60212018-09-25,6021,2018-09-25,1
60212018-09-26,6021,2018-09-26,1
60212018-09-27,6021,2018-09-27,1
60332018-07-27,6033,2018-07-27,1
60332018-07-28,6033,2018-07-28,1
60332018-07-29,6033,2018-07-29,1
60332018-07-30,6033,2018-07-30,1
60332018-07-31,6033,2018-07-31,1
60332018-08-01,6033,2018-08-01,1
60332018-08-02,6033,2018-08-02,1
60332018-08-03,6033,2018-08-03,1
60332018-08-04,6033,2018-08-04,1
60332018-08-05,6033,2018-08-05,1
60332018-08-06,6033,2018-08-06,1
60332018-08-07,6033,2018-08-07,1
60332018-08-08,6033,2018-08-08,1
60332018-08-09,6033,2018-08-09,1
60332018-08-10,6033,2018-08-10,1
60332018-08-11,6033,2018-08-11,1
60332018-08-12,6033,2018-08-12,1
60332018-08-13,6033,2018-08-13,1
60332018-08-14,6033,2018-08-14,1
60332018-08-15,6033,2018-08-15,1
60332018-08-16,6033,2018-08-16,1
60332018-08-17,6033,2018-08-17,1
60332018-08-18,6033,2018-08-18,1
60332018-08-19,6033,2018-08-19,1
60332018-08-20,6033,2018-08-20,1
60332018-08-21,6033,2018-08-21,1
60332018-08-22,6033,2018-08-22,1
60332018-08-23,6033,2018-08-23,1
60332018-08-24,6033,2018-08-24,1
60332018-08-25,6033,2018-08-25,1
60332018-08-26,6033,2018-08-26,1
60332018-08-27,6033,2018-08-27,1
60332018-08-28,6033,2018-08-28,1
60332018-08-29,6033,2018-08-29,1
60332018-08-30,6033,2018-08-30,1
60332018-08-31,6033,2018-08-31,1
60332018-09-01,6033,2018-09-01,1
60332018-09-02,6033,2018-09-02,1
60332018-09-03,6033,2018-09-03,1
60332018-09-04,6033,2018-09-04,1
60332018-09-05,6033,2018-09-05,1
60332018-09-06,6033,2018-09-06,1
60332018-09-07,6033,2018-09-07,1
60332018-09-08,6033,2018-09-08,1
60332018-09-09,6033,2018-09-09,1
60332018-09-10,6033,2018-09-10,1
60332018-09-11,6033,2018-09-11,1
60332018-09-12,6033,2018-09-12,1
60332018-09-13,6033,2018-09-13,1
60332018-09-14,6033,2018-09-14,1
60332018-09-15,6033,2018-09-15,1
60332018-09-16,6033,2018-09-16,1
60332018-09-17,6033,2018-09-17,1
60332018-09-18,6033,2018-09-18,1
60332018-09-19,6033,2018-09-19,1
60332018-09-20,6033,2018-09-20,1
60332018-09-21,6033,2018-09-21,1
60332018-09-22,6033,2018-09-22,1
60332018-09-23,6033,2018-09-23,1
60332018-09-24,6033,2018-09-24,1
60332018-09-25,6033,2018-09-25,1
60332018-09-26,6033,2018-09-26,1
60332018-09-27,6033,2018-09-27,1
60452018-07-27,6045,2018-07-27,1
60452018-07-28,6045,2018-07-28,1
60452018-07-29,6045,2018-07-29,1
60452018-07-30,6045,2018-07-30,1
60452018-07-31,6045,2018-07-31,1
60452018-08-01,6045,2018-08-01,1
60452018-08-02,6045,2018-08-02,1
60452018-08-03,6045,2018-08-03,1
60452018-08-04,6045,2018-08-04,1
60452018-08-05,6045,2018-08-05,1
60452018-08-06,6045,2018-08-06,1
60452018-08-07,6045,2018-08-07,1
60452018-08-08,6045,2018-08-08,1
60452018-08-09,6045,2018-08-09,1
60452018-08-10,6045,2018-08-10,1
60452018-08-11,6045,2018-08-11,1
60452018-08-12,6045,2018-08-12,1
60452018-08-13,6045,2018-08-13,1
60452018-08-14,6045,2018-08-14,1
60452018-08-15,6045,2018-08-15,1
60452018-08-16,6045,2018-08-16,1
60452018-08-17,6045,2018-08-17,1
60452018-08-18,6045,2018-08-18,1
60452018-08-19,6045,2018-08-19,1
60452018-08-20,6045,2018-08-20,1
60452018-08-21,6045,2018-08-21,1
60452018-08-22,6045,2018-08-22,1
60452018-08-23,6045,2018-08-23,1
60452018-08-24,6045,2018-08-24,1
60452018-08-25,6045,2018-08-25,1
60452018-08-26,6045,2018-08-26,1
60452018-08-27,6045,2018-08-27,1
60452018-08-28,6045,2018-08-28,1
60452018-08-29,6045,2018-08-29,1
60452018-08-30,6045,2018-08-30,1
60452018-08-31,6045,2018-08-31,1
60452018-09-01,6045,2018-09-01,1
60452018-09-02,6045,2018-09-02,1
60452018-09-03,6045,2018-09-03,1
60452018-09-04,6045,2018-09-04,1
60452018-09-05,6045,2018-09-05,1
60452018-09-06,6045,2018-09-06,1
60452018-09-07,6045,2018-09-07,1
60452018-09-08,6045,2018-09-08,1
60452018-09-09,6045,2018-09-09,1
60452018-09-10,6045,2018-09-10,1
60452018-09-11,6045,2018-09-11,1
60452018-09-12,6045,2018-09-12,1
60452018-09-13,6045,2018-09-13,1
60452018-09-14,6045,2018-09-14,1
60452018-09-15,6045,2018-09-15,1
60452018-09-16,6045,2018-09-16,1
60452018-09-17,6045,2018-09-17,1
60452018-09-18,6045,2018-09-18,1
60452018-09-19,6045,2018-09-19,1
60452018-09-20,6045,2018-09-20,1
60452018-09-21,6045,2018-09-21,1
60452018-09-22,6045,2018-09-22,1
60452018-09-23,6045,2018-09-23,1
60452018-09-24,6045,2018-09-24,1
60452018-09-25,6045,2018-09-25,1
60452018-09-26,6045,2018-09-26,1
60452018-09-27,6045,2018-09-27,1
60652019-10-10,6065,2019-10-10,1
60652019-10-11,6065,2019-10-11,1
60652019-10-12,6065,2019-10-12,1
60732018-06-06,6073,2018-06-06,1
6073NA,6073,NA,1
60372019-10-10,6037,2019-10-10,1
60372019-10-11,6037,2019-10-11,1
60372019-10-12,6037,2019-10-12,1
60372019-10-13,6037,2019-10-13,1
60372019-10-14,6037,2019-10-14,1
60372019-10-15,6037,2019-10-15,1
60372019-10-16,6037,2019-10-16,1
60372019-10-17,6037,2019-10-17,1
60372019-10-18,6037,2019-10-18,1
60372019-10-19,6037,2019-10-19,1
60372019-10-20,6037,2019-10-20,1
60372019-10-21,6037,2019-10-21,1
60372019-10-22,6037,2019-10-22,1
60372019-10-23,6037,2019-10-23,1
60372019-10-24,6037,2019-10-24,1
60372019-10-25,6037,2019-10-25,1
60372019-10-26,6037,2019-10-26,1
60112019-06-08,6011,2019-06-08,1
60112019-06-09,6011,2019-06-09,1
60112019-06-10,6011,2019-06-10,1
60112019-06-11,6011,2019-06-11,1
60112019-06-12,6011,2019-06-12,1
60112019-06-13,6011,2019-06-13,1
60112019-06-14,6011,2019-06-14,1
60112019-06-15,6011,2019-06-15,1
61132019-06-08,6113,2019-06-08,1
61132019-06-09,6113,2019-06-09,1
61132019-06-10,6113,2019-06-10,1
61132019-06-11,6113,2019-06-11,1
61132019-06-12,6113,2019-06-12,1
61132019-06-13,6113,2019-06-13,1
61132019-06-14,6113,2019-06-14,1
61132019-06-15,6113,2019-06-15,1
60652019-10-13,6065,2019-10-13,1
60652019-10-14,6065,2019-10-14,1
60652019-10-15,6065,2019-10-15,1
60712019-10-10,6071,2019-10-10,1
60712019-10-11,6071,2019-10-11,1
60712019-10-12,6071,2019-10-12,1
60712019-10-13,6071,2019-10-13,1
60712019-10-14,6071,2019-10-14,1
60712019-10-15,6071,2019-10-15,1
61032018-06-23,6103,2018-06-23,1
6103NA,6103,NA,1
61152019-09-07,6115,2019-09-07,1
61152019-09-08,6115,2019-09-08,1
61152019-09-09,6115,2019-09-09,1
60272019-09-04,6027,2019-09-04,1
60272019-09-05,6027,2019-09-05,1
60272019-09-06,6027,2019-09-06,1
60272019-09-07,6027,2019-09-07,1
60272019-09-08,6027,2019-09-08,1
60272019-09-09,6027,2019-09-09,1
60272019-09-10,6027,2019-09-10,1
60272019-09-11,6027,2019-09-11,1
60272019-09-12,6027,2019-09-12,1
60272019-09-13,6027,2019-09-13,1
60272019-09-14,6027,2019-09-14,1
60272019-09-15,6027,2019-09-15,1
60272019-09-16,6027,2019-09-16,1
60272019-09-17,6027,2019-09-17,1
60272019-09-18,6027,2019-09-18,1
60272019-09-19,6027,2019-09-19,1
60272019-09-20,6027,2019-09-20,1
60272019-09-21,6027,2019-09-21,1
60272019-09-22,6027,2019-09-22,1
60272019-09-23,6027,2019-09-23,1
60272019-09-24,6027,2019-09-24,1
60272019-09-25,6027,2019-09-25,1
60272019-09-26,6027,2019-09-26,1
60272019-09-27,6027,2019-09-27,1
60272019-09-28,6027,2019-09-28,1
60272019-09-29,6027,2019-09-29,1
60272019-09-30,6027,2019-09-30,1
60272019-10-01,6027,2019-10-01,1
60272019-10-02,6027,2019-10-02,1
60272019-10-03,6027,2019-10-03,1
60272019-10-04,6027,2019-10-04,1
60272019-10-05,6027,2019-10-05,1
60272019-10-06,6027,2019-10-06,1
60272019-10-07,6027,2019-10-07,1
60272019-10-08,6027,2019-10-08,1
60272019-10-09,6027,2019-10-09,1
60272019-10-10,6027,2019-10-10,1
60272019-10-11,6027,2019-10-11,1
60272019-10-12,6027,2019-10-12,1
60272019-10-13,6027,2019-10-13,1
60272019-10-14,6027,2019-10-14,1
60272019-10-15,6027,2019-10-15,1
60272019-10-16,6027,2019-10-16,1
60272019-10-17,6027,2019-10-17,1
60272019-10-18,6027,2019-10-18,1
60272019-10-19,6027,2019-10-19,1
60272019-10-20,6027,2019-10-20,1
60272019-10-21,6027,2019-10-21,1
60272019-10-22,6027,2019-10-22,1
60272019-10-23,6027,2019-10-23,1
60272019-10-24,6027,2019-10-24,1
60272019-10-25,6027,2019-10-25,1
60272019-10-26,6027,2019-10-26,1
60272019-10-27,6027,2019-10-27,1
60272019-10-28,6027,2019-10-28,1
60272019-10-29,6027,2019-10-29,1
60272019-10-30,6027,2019-10-30,1
60272019-10-31,6027,2019-10-31,1
60272019-11-01,6027,2019-11-01,1
60272019-11-02,6027,2019-11-02,1
60272019-11-03,6027,2019-11-03,1
60272019-11-04,6027,2019-11-04,1
60272019-11-05,6027,2019-11-05,1
60272019-11-06,6027,2019-11-06,1
60272019-11-07,6027,2019-11-07,1
60272019-11-08,6027,2019-11-08,1
60272019-11-09,6027,2019-11-09,1
60272019-11-10,6027,2019-11-10,1
60272019-11-11,6027,2019-11-11,1
60272019-11-12,6027,2019-11-12,1
60272019-11-13,6027,2019-11-13,1
60272019-11-14,6027,2019-11-14,1
60272019-11-15,6027,2019-11-15,1
60272019-11-16,6027,2019-11-16,1
60272019-11-17,6027,2019-11-17,1
60272019-11-18,6027,2019-11-18,1
60272019-11-19,6027,2019-11-19,1
60272019-11-20,6027,2019-11-20,1
60272019-11-21,6027,2019-11-21,1
60372019-10-27,6037,2019-10-27,1
60092018-06-29,6009,2018-06-29,1
60092018-06-30,6009,2018-06-30,1
60092018-07-01,6009,2018-07-01,1
60092018-07-02,6009,2018-07-02,1
60092018-07-03,6009,2018-07-03,1
60092018-07-04,6009,2018-07-04,1
60092018-07-05,6009,2018-07-05,1
60092018-07-06,6009,2018-07-06,1
60092018-07-07,6009,2018-07-07,1
60092018-07-08,6009,2018-07-08,1
60092018-07-09,6009,2018-07-09,1
60092018-07-10,6009,2018-07-10,1
60092018-07-11,6009,2018-07-11,1
60092018-07-12,6009,2018-07-12,1
60772018-06-29,6077,2018-06-29,1
60772018-06-30,6077,2018-06-30,1
60772018-07-01,6077,2018-07-01,1
60772018-07-02,6077,2018-07-02,1
60772018-07-03,6077,2018-07-03,1
60772018-07-04,6077,2018-07-04,1
60772018-07-05,6077,2018-07-05,1
60772018-07-06,6077,2018-07-06,1
60772018-07-07,6077,2018-07-07,1
60772018-07-08,6077,2018-07-08,1
60772018-07-09,6077,2018-07-09,1
60772018-07-10,6077,2018-07-10,1
60772018-07-11,6077,2018-07-11,1
60772018-07-12,6077,2018-07-12,1
60992018-06-29,6099,2018-06-29,1
60992018-06-30,6099,2018-06-30,1
60992018-07-01,6099,2018-07-01,1
60992018-07-02,6099,2018-07-02,1
60992018-07-03,6099,2018-07-03,1
60992018-07-04,6099,2018-07-04,1
60992018-07-05,6099,2018-07-05,1
60992018-07-06,6099,2018-07-06,1
60992018-07-07,6099,2018-07-07,1
60992018-07-08,6099,2018-07-08,1
60992018-07-09,6099,2018-07-09,1
60992018-07-10,6099,2018-07-10,1
60992018-07-11,6099,2018-07-11,1
60992018-07-12,6099,2018-07-12,1
60732018-07-06,6073,2018-07-06,1
60732018-07-07,6073,2018-07-07,1
60732018-07-08,6073,2018-07-08,1
60732018-07-09,6073,2018-07-09,1
60732018-07-10,6073,2018-07-10,1
60372018-11-08,6037,2018-11-08,1
60372018-11-09,6037,2018-11-09,1
60372018-11-10,6037,2018-11-10,1
60372018-11-11,6037,2018-11-11,1
60372018-11-12,6037,2018-11-12,1
60372018-11-13,6037,2018-11-13,1
60372018-11-14,6037,2018-11-14,1
60372018-11-15,6037,2018-11-15,1
60372018-11-16,6037,2018-11-16,1
60372018-11-17,6037,2018-11-17,1
60372018-11-18,6037,2018-11-18,1
60372018-11-19,6037,2018-11-19,1
60372018-11-20,6037,2018-11-20,1
60372018-11-21,6037,2018-11-21,1
60372018-11-22,6037,2018-11-22,1
61112018-11-17,6111,2018-11-17,1
61112018-11-18,6111,2018-11-18,1
61112018-11-19,6111,2018-11-19,1
61112018-11-20,6111,2018-11-20,1
61112018-11-21,6111,2018-11-21,1
61112018-11-22,6111,2018-11-22,1
